itemId,name,level,type,classTypeBelonging,rarity,gold,mushrooms
ba08f734-6e6d-450d-9f42-42827b6051e3,Claymore of the Star,109,weapon,melee,epic,11410.0,0.0
0765ec48-1dfc-4314-bd3b-d1304e7a7872,Vampiric the Lantern Spear,30,weapon,melee,common,3227.0,9.0
dec2f47d-2978-47e3-8165-d48e17584949,Halberd of the Inferno,44,weapon,melee,common,4545.0,20.0
8dc35759-b2ef-4027-b289-3d66003bb577,Wicked Wrap of the Forgotten,90,belt,magic,common,,
5189182d-2693-4e4a-8fd7-4ed58f002385,Ancient Boots of Doom,104,boots,magic,legendary,,
1cf57e84-149f-40c7-9cbd-e90542b9695b,Ancient Footwraps of the Void,158,boots,ranged,common,,
f697bd8b-c478-4e65-a6ed-ac49b9a7fab6,Ancient Hoofguards of Silence,192,boots,melee,legendary,,
8460a72b-fff9-4afc-9c1c-8c6e6ea84c85,Ancient Soles of Glory,16,boots,magic,epic,,
7221a576-0c9b-4196-95b5-bcad919de3ef,Ancient Stompers of the Undead,149,boots,magic,legendary,,
3aa614bb-04c4-439c-a5ad-106fb248d584,Ancient Striders of the Fallen,143,boots,ranged,legendary,,
2d8e6a5e-54f1-4b54-8f6a-ce6b6054b6f0,Ancient Treads of Fury,292,boots,ranged,legendary,,
4a856214-df2a-4c2e-8d6c-3f0f6f50c8d9,Ancient Treads of Madness,272,boots,ranged,common,,
ce5b0137-8961-4c06-a0ea-92a7e75c8174,Arcane Boots of Fury,231,boots,magic,legendary,,
f893885d-13f5-4a58-82ab-ca8f4118ee35,Doomed Rapier,68,weapon,melee,epic,6884.0,11.0
0df071d1-ea4c-422b-8e9f-b04bac153e7f,Arcane Boots of Reckoning,275,boots,ranged,legendary,,
07d317e6-74dc-43d5-acc8-d1b089dd684b,Arcane Boots of Shadows,285,boots,ranged,common,,
fdbdc011-17d2-450a-b1bb-c23eba9b8638,Arcane Boots of the Warlord,52,boots,ranged,epic,,
352b4db6-dad5-47bf-a6c0-595490667034,Arcane Footwraps of Reckoning,215,boots,ranged,legendary,,
58ecba71-86f9-42bf-8606-f8061c9b9212,Arcane Footwraps of Thunder,106,boots,ranged,common,,
fa8c9d1a-12c1-4749-8fc7-b56f882e0044,Arcane Sabatons of the Raven,140,boots,ranged,legendary,,
07366551-ef19-4e2a-bb3e-1b10754fc6ac,Arcane Soles of Fury,207,boots,melee,epic,,
f1329ac6-794e-4a7a-918e-3afc8e9e37fe,Blessed Footwraps of Fury,163,boots,ranged,legendary,,
894f85c6-6ef2-47f9-831d-85b59ca565b7,Blessed Footwraps of the Serpent,130,boots,magic,common,,
7cee2620-006c-43b9-a1da-254061747438,Blessed Hoofguards of the Bear,237,boots,magic,common,,
5c9a5fbc-c506-44ee-8b61-ba90c52a8b2b,Savage the Ancients Blade,131,weapon,melee,common,13890.0,0.0
749ef780-dabf-4834-b128-abbe1e7279cf,Blessed Sabatons of the Raven,94,boots,magic,epic,,
f623c7a3-4352-40a1-9b8e-020aa8209876,Blessed Soles of the Leviathan,128,boots,magic,common,,
80ddeb7f-7869-48a3-bb29-eaf894ddee43,Bloodstained Boots of the Warlord,136,boots,melee,legendary,,
a4c4de59-6e57-4cef-b008-bf569412d84c,Bloodstained Sabatons of the Mage,35,boots,magic,epic,,
c2fd0e5f-1946-4f10-970f-a07d2894772d,Bloodstained Shoes of the Warlord,206,boots,melee,epic,,
8a28ff6c-527b-47cf-8e4a-81ade00e63a8,Bonecarved Greaves of the Void,68,boots,melee,legendary,,
61cd3e1f-c909-480a-abd8-fac03357c1b0,Bonecarved Hoofguards of Agony,286,boots,ranged,epic,,
454104fb-f694-440c-9e9b-64b8c2f7ac7c,Bonecarved Sabatons of Nightmares,215,boots,melee,common,,
a572d2ac-8f3b-40bd-a179-f44f4771f9be,Bonecarved Sabatons of the Moon,148,boots,magic,common,,
7bd2289a-f092-4756-9113-f3c40215e5b0,Bonecarved Sandals of the Phoenix,50,boots,melee,common,,
39e3f503-7084-448f-aa4c-7d54981d4336,Thunder Axe of the Eclipse,217,weapon,melee,common,22312.0,14.0
07380432-ee0e-45d0-94e8-01a58b092553,Bonecarved Walkers of the Phoenix,65,boots,ranged,legendary,,
c35db945-ddb4-4f9f-aa17-0ecb0518c824,Bonecarved Walkers of the Raven,102,boots,melee,common,,
b3eb0b61-bc3a-4d51-92f9-87d8f68c4af6,Cursed Hoofguards of the Undead,17,boots,ranged,common,,
c51db2d1-b61a-4b5d-ac46-e90a59f92aef,Cursed Sabatons of the Phoenix,90,boots,ranged,epic,,
4377cf98-b2fe-4519-82dd-62b37baf7d4b,Cursed Sandals of the Ancients,192,boots,magic,epic,,
27708ea5-4819-483b-bf93-0908a50a6317,Cursed Stompers of the Serpent,199,boots,melee,common,,
afa01a37-862c-434f-907e-254078e4d61b,Cursed Treads of the Ancients,86,boots,magic,common,,
04d4a665-fa4c-4aac-920f-9829c6819367,Cursed Walkers of the Phoenix,163,boots,melee,common,,
aee8f560-1e20-4bb1-bd8e-d749aab56043,Doomed Striders of Thunder,134,boots,ranged,common,,
f0ce8daf-f218-48b5-abd7-0f75b6711d2b,Doomed Striders of the Fallen,48,boots,magic,common,,
89d7d8ac-3cf4-4e9a-b0d7-8e6f190db3cd,Demonic Sword,24,weapon,melee,legendary,2537.0,5.0
4ae0a664-0779-4c3f-94d9-cc1e2f4287b9,Dragonhide Greaves of Shadows,275,boots,melee,legendary,,
02b36abc-2310-4d34-9c25-aae2541300cb,Dragonhide Sandals of Thunder,294,boots,melee,epic,,
89270a00-041e-46c2-ac04-b41b0c652547,Dragonhide Shoes of the Phoenix,168,boots,melee,common,,
39e15f90-b757-4e5d-87bb-80549b3d316c,Dragonhide Treads of Thunder,216,boots,ranged,legendary,,
aac745c9-0ead-4267-9d2f-08329a8b6062,Emberwoven Greaves of Fury,250,boots,melee,common,,
f2859f10-f7a2-449a-9fd6-e12b6c19e59f,Emberwoven Sandals of the Undead,218,boots,melee,legendary,,
8c105749-aef3-48a7-a198-12bdc926af39,Emberwoven Shoes of Fury,244,boots,melee,epic,,
14206231-e030-4708-a762-85df27c2c452,Emberwoven Shoes of the Serpent,97,boots,ranged,legendary,,
5db3e8c9-8db4-4d27-a3f8-3cb4d5f59a0e,Emberwoven Stompers of the Moon,279,boots,melee,epic,,
a397ff14-0eff-4b2d-83ff-df7996a62f9d,Emberwoven Striders of Silence,228,boots,magic,epic,,
3f75827d-a040-4571-b3e0-004d29970ec7,Doomed Claymore,246,weapon,melee,epic,26958.0,13.0
643cad45-7797-48e8-81c7-517431e3ff90,Emberwoven Striders of Twilight,65,boots,ranged,epic,,
f266d87d-2209-4b45-be7f-6ba3966b21de,Emberwoven Striders of the Moon,167,boots,magic,common,,
2706c807-8639-4f09-bf21-75b25c18f565,Forgotten Boots of Destiny,22,boots,ranged,common,,
878977fb-14b7-468d-8c53-3128c2e8e7a3,Forgotten Sandals of Glory,142,boots,melee,common,,
8608a2ff-8edc-43ed-b4b3-4fc6d2b9efd6,Forgotten Soles of Thunder,214,boots,magic,common,,
5f80a59d-8c0f-4a89-a980-d19239881a95,Forgotten Stompers of the Warlord,253,boots,ranged,legendary,,
33397264-c97f-44b4-86c7-f94f403cf305,Frostbound Footwraps of the Moon,131,boots,melee,common,,
178bf0f9-60a6-46bc-a649-0ce2a5bd4038,Frostbound Greaves of the Phoenix,160,boots,melee,epic,,
0ca10e1a-4fc3-4871-abc7-d5015f64ad0c,Frostbound Shoes of the Mage,292,boots,magic,common,,
7e3ac396-67cf-4969-8d92-f8d37d090cd0,Frostbound Soles of the Ancients,234,boots,melee,epic,,
4b7d2f0b-b8e2-4725-bf17-c3381459e1e5,Enchanted Axe,156,weapon,melee,epic,16212.0,13.0
b410779e-cd08-443a-8963-0e80d9c76802,Frostbound Stompers of Madness,96,boots,magic,legendary,,
88a48c3e-e40c-4a6f-9b55-5f284cb96e61,Frostbound Striders of Reckoning,1,boots,melee,legendary,,
8f205c4a-fabb-46da-847b-3c33bb27df1e,Frostbound Treads of Fury,286,boots,ranged,legendary,,
281fc274-b452-4091-91aa-9c09eeedf43c,Frostbound Treads of the Fallen,295,boots,magic,legendary,,
bf86e5fc-0eac-4662-984f-97a81077a47b,Frostbound Walkers of Doom,131,boots,ranged,legendary,,
73559da1-2b96-4cf1-8c95-e98f4b0cf572,Frostbound Walkers of Nightmares,296,boots,magic,common,,
e666c4c3-46ab-478f-91dc-22c2fc46c112,Ghostly Boots of Agony,94,boots,melee,legendary,,
48390998-a0ea-4d6f-bdc6-54e4a9c2bfbe,Ghostly Footwraps of Thunder,191,boots,melee,legendary,,
21982303-a08f-4023-ad14-06dc8c647d4f,Ghostly Greaves of Reckoning,201,boots,melee,legendary,,
40bc4c65-bf45-464a-b3a8-de641dbf8172,Ghostly Greaves of the Moon,69,boots,ranged,common,,
9afc9c62-5a85-428d-92d2-2db401673463,Radiant Claymore of the Ancients,99,weapon,melee,common,10122.0,8.0
6a43efdd-3a90-4979-a701-522dca51f606,Ghostly Greaves of the Serpent,273,boots,magic,legendary,,
7e5dc9ae-cc11-49f6-a5f8-dafb5cd6d44c,Ghostly Sabatons of the Ancients,155,boots,magic,legendary,,
fb5b5b1a-b8a7-4d0a-a34d-ff010b2336ad,Ghostly Soles of Agony,34,boots,magic,common,,
33fff294-f187-4004-8fd5-0c3d58a0c905,Ghostly Soles of Fury,141,boots,magic,common,,
2ebe034f-6761-43a2-a270-7d1411d2331b,Ghostly Stompers of the Fallen,7,boots,magic,common,,
17a203e6-765e-4aff-8907-0d445ba77219,Ghostly Treads of Madness,154,boots,ranged,common,,
8a7e70c5-0012-491f-9526-1686cc77dff8,Ghostly Treads of the Fallen,111,boots,melee,common,,
d37a03f8-5bd3-40ed-a5ac-3513fb6308d4,Gilded Boots of Reckoning,9,boots,magic,epic,,
f1eeb67f-0a23-426f-9c06-cc0c5d5a6d79,Gilded Greaves of the Bear,17,boots,melee,legendary,,
8f5667b5-e35a-492b-90a6-7b1f4157fbc0,Gilded Sabatons of Nightmares,293,boots,magic,common,,
0b07d7c8-f0a3-4462-aeab-f715067d6f3c,Shimmering Mace of the Lantern,191,weapon,melee,epic,20878.0,12.0
fad58c60-49c6-4dc9-b2e5-6bc4ede46d6c,Gilded Sandals of Reckoning,112,boots,ranged,common,,
3d2a9b4e-00c2-4bda-90db-7907b83e5f94,Gilded Shoes of Glory,34,boots,ranged,legendary,,
847c0893-0bb6-437d-8dac-8ac4e9018299,Gilded Shoes of Silence,227,boots,melee,epic,,
249941e5-125a-4ec5-9660-469fbb93c619,Gilded Treads of Agony,44,boots,melee,epic,,
bd218484-99d1-42f8-a165-194370da487d,Gilded Treads of Doom,16,boots,ranged,legendary,,
25a01b74-5319-4dc7-95b2-9735a1ccc6e4,Haunted Boots of Silence,164,boots,ranged,epic,,
68949042-0a02-4089-8ef9-7e4a99e8202a,Haunted Boots of the Void,145,boots,magic,common,,
214b8dda-c4a1-4987-897e-15989b92d115,Haunted Footwraps of the Bear,117,boots,magic,common,,
e319076c-427c-4f28-9946-08106d27b7a3,Haunted Hoofguards of Doom,107,boots,melee,epic,,
ec2eadb1-9069-4195-b898-8c7dbdaf634f,Haunted Hoofguards of Silence,123,boots,melee,legendary,,
3b0af87c-9973-4d0d-be89-6b16560e2859,Axe of the Titan,163,weapon,melee,common,16767.0,8.0
953da660-a3ea-4970-adc9-514cfa01eac5,Haunted Sabatons of Silence,94,boots,ranged,common,,
76d7ba36-fe68-49bb-b33b-4ea0a0bea852,Haunted Stompers of the Phoenix,60,boots,melee,epic,,
2349f3fc-471e-42af-9bd1-ffa05c3c6795,Haunted Treads of Agony,145,boots,ranged,common,,
03b38a6f-13df-42ed-a40f-0c7a9306867e,Haunted Walkers of Madness,17,boots,melee,common,,
e6170a9d-5df5-4de4-83c8-fa339e831a93,Haunted Walkers of Reckoning,127,boots,ranged,epic,,
2c42596e-e45a-4658-80b1-1c3931949c00,Infernal Footwraps of Thunder,252,boots,melee,common,,
b9e39a4d-1fd7-41e6-88b7-2ea98551edd0,Infernal Sabatons of the Phoenix,73,boots,ranged,common,,
08cd8f70-3ee6-4465-a018-e4022d5457f1,Infernal Soles of the Undead,71,boots,melee,common,,
ac9af0a0-41cf-4f6c-8b23-557015d587cc,Infernal Stompers of the Storm,254,boots,magic,epic,,
d9e5b66e-4c4c-40fa-8cd0-5137be1f0e11,Infernal Striders of the Storm,27,boots,ranged,epic,,
1c5ca042-d823-4bce-80db-8523da4cbb31,Vampiric Scythe,220,weapon,melee,epic,24191.0,3.0
97a168fb-ccdd-464b-b9e0-b2ff7ad66748,Brutal Claymore of the Titan,84,weapon,melee,epic,9056.0,8.0
f632093b-0900-4f3a-a788-1ea38da5769c,Infernal Treads of Nightmares,114,boots,ranged,legendary,,
3c344fb0-f817-4646-a3f0-d77354e5f97a,Infernal Treads of the Ancients,197,boots,ranged,epic,,
5d24eae1-ce39-4217-b9ae-a19c80441a25,Infernal Treads of the Forgotten,289,boots,magic,epic,,
8433f5dd-13bc-4830-85ad-0a618cf13050,Ironbound Sandals of the Leviathan,26,boots,ranged,epic,,
d47b94e7-2ef9-413c-b76b-cc5f9fa21c77,Ironbound Shoes of the Ancients,287,boots,melee,legendary,,
10c16fa2-0440-4316-a01c-fb5dab4d326a,Ironbound Soles of the Moon,124,boots,melee,legendary,,
ae3c1a55-44ab-4f4a-bbab-a3699c3a8d5e,Ironbound Stompers of Doom,204,boots,ranged,common,,
34986ee0-1ce7-44ad-9097-888edb7754b3,Ironbound Walkers of Agony,37,boots,ranged,common,,
eae725ee-0eb1-4930-bff1-9af11c02a93d,Lunar Footwraps of Reckoning,43,boots,ranged,common,,
cf35eb37-b921-4b9c-95cc-b9d1b415f2aa,Lunar Hoofguards of Silence,96,boots,ranged,common,,
231d9dc5-b5e8-46d2-8252-847921c5a0e6,Divine Katana,171,weapon,melee,common,17930.0,15.0
41f413ff-fb76-4961-8cdf-04f2a62b9825,Lunar Hoofguards of the Undead,174,boots,ranged,epic,,
48f8fef2-ca1d-44b4-baa3-e2d5769553a5,Lunar Soles of the Forgotten,135,boots,melee,epic,,
38330991-511b-4b1f-9287-6d1847d97f41,Lunar Stompers of the Moon,170,boots,magic,legendary,,
6526f33f-a581-4420-a8fe-83085e4e1c73,Lunar Treads of the Void,179,boots,ranged,legendary,,
c9a7a251-5127-4291-a0bd-d0804c7fd541,Lunar Walkers of Silence,47,boots,melee,legendary,,
d565328c-3e57-4cb3-9a4d-276e2c8bd3c6,Mystic Boots of Reckoning,125,boots,ranged,legendary,,
5c24c9a6-b4ea-48f0-9a3c-04448f2fb161,Mystic Hoofguards of the Void,194,boots,magic,epic,,
8c89f38a-540d-4d12-ad76-0d9be4b92116,Mystic Stompers of Madness,290,boots,ranged,epic,,
35aca881-b2cf-4821-84b6-a61c7d2f4dc1,Mystic Treads of the Moon,171,boots,ranged,common,,
aa3f57c2-316a-4997-8aca-4884ee387fc9,Obsidian Footwraps of Destiny,142,boots,ranged,epic,,
54ca09d8-190c-4c15-895b-ed0bdaeb188b,Vampiric Claymore of the Lantern,109,weapon,melee,common,11322.0,10.0
0d107801-c53e-4ace-b8ed-7d764f1f5c5c,Obsidian Footwraps of Shadows,86,boots,melee,epic,,
3f53168f-bca0-41c7-8675-56d7140fcd06,Obsidian Greaves of the Ancients,176,boots,magic,epic,,
364ae42e-d03b-49b1-b943-8ff0e18ba8a7,Obsidian Shoes of the Warlord,171,boots,melee,legendary,,
7190221f-8e32-449e-957e-25302b8c25c0,Obsidian Soles of the Moon,26,boots,melee,common,,
2c7541ab-5c47-4531-8dc2-01f251b3c19a,Obsidian Treads of the Ancients,238,boots,magic,epic,,
f45287a7-f101-4161-a923-f7665595bd63,Obsidian Walkers of Nightmares,233,boots,melee,legendary,,
51d6d527-07d0-4df5-86b8-67db78252805,Phantom Footwraps of the Serpent,94,boots,ranged,common,,
0f8f3b20-507d-43c1-8af1-c4af26a7913d,Phantom Footwraps of the Void,141,boots,magic,common,,
1c236110-3595-4802-8ee6-6ccfa9f7fd58,Phantom Striders of the Fallen,25,boots,ranged,legendary,,
90b35fdd-6f56-407f-8c67-ffce25317e48,Phantom Treads of Destiny,121,boots,melee,epic,,
5d992ce4-dac9-4b26-b8b0-f58f6cf0e4b8,Holy Rapier of the Titan,85,weapon,melee,epic,9015.0,4.0
540ad71d-62a9-4f9f-a295-79aa70b80ff3,Phantom Treads of the Forgotten,285,boots,melee,epic,,
8368dac8-4ee3-4c1c-94be-c147d69cd428,Phantom Walkers of Madness,72,boots,magic,epic,,
e50ad776-33da-4ec2-9bfb-765d1a55cbfc,Phantom Walkers of Silence,58,boots,ranged,epic,,
cca621d7-a1f7-4192-9184-7d521e2142e7,Radiant Footwraps of Destiny,140,boots,magic,common,,
87d57709-e31d-4d67-a16c-0ef36f4eefe0,Radiant Striders of the Storm,251,boots,ranged,legendary,,
d265b482-b531-44d0-9625-e66e04e1a284,Radiant Walkers of the Bear,107,boots,ranged,common,,
fedcf685-54b2-42f6-bf9b-8381a4baca01,Royal Footwraps of the Mage,55,boots,magic,legendary,,
3666522d-7cbc-4cd8-b8f1-007d2a13565a,Royal Footwraps of the Raven,36,boots,magic,epic,,
543ab316-d7e9-4de7-9d88-ed477d3dabf7,Royal Treads of the Raven,133,boots,melee,legendary,,
68b92c12-8811-486d-97ce-a5e0bfa21b34,Runed Footwraps of the Fallen,221,boots,ranged,epic,,
02a96cab-c8b9-4c1f-8a5a-b57434545163,Shimmering the Abyss Cutlass,221,weapon,melee,epic,22716.0,13.0
15aebe4a-3a8a-470a-9e55-79c1e6a079e7,Runed Footwraps of the Moon,296,boots,magic,legendary,,
75734d56-dbce-4a2a-a47b-e37ce7daa536,Runed Greaves of the Fallen,285,boots,magic,common,,
0fddb45c-3b4d-4628-b0e6-b3667bffdf35,Runed Greaves of the Moon,122,boots,ranged,epic,,
228318f7-65e7-4cf6-9c80-0637022f507d,Runed Hoofguards of Fury,40,boots,melee,epic,,
0860c2cb-008f-43a8-9708-ac85f3597579,Runed Hoofguards of the Bear,203,boots,magic,legendary,,
4b6fc0a4-a8c9-48a6-92cf-fcba63bbcb13,Runed Stompers of Twilight,250,boots,ranged,legendary,,
6b7cc56f-c81d-4890-b943-eee4381fff4f,Runed Stompers of the Ancients,42,boots,magic,epic,,
80cf6a67-019b-4d07-a768-96c537bd22cd,Runed Stompers of the Void,196,boots,melee,common,,
383dbce8-e4d9-4d90-8a39-78258173bd53,Savage Boots of the Raven,75,boots,melee,common,,
f966606a-1c69-4233-b715-fc803e9815c2,Savage Footwraps of Fury,105,boots,ranged,common,,
8ceea55c-9990-4055-a4ea-6dffcb4915d8,Rapier of the Dragon,264,weapon,melee,epic,27863.0,0.0
2b860f31-e14c-4813-970e-bae36d25f630,Savage Hoofguards of the Moon,268,boots,melee,legendary,,
dda26783-8a49-4b88-8cc2-446ef6cbf0f4,Savage Hoofguards of the Raven,271,boots,magic,common,,
1669a393-3a17-44df-afda-99e815febeeb,Savage Hoofguards of the Storm,32,boots,melee,epic,,
0a2f2edc-8d75-4486-a2fc-c06e18886263,Savage Stompers of Destiny,171,boots,ranged,common,,
484aa2f3-566f-456a-86d5-02fb819e97b4,Shadow Boots of the Moon,123,boots,melee,common,,
75597d04-581f-4b20-abba-6306e5c094c6,Shadow Sandals of Agony,33,boots,melee,epic,,
69caeb38-72e8-42f7-930a-c05469f7fb1b,Shadow Stompers of the Ancients,151,boots,ranged,epic,,
53210d16-0f70-48ab-8911-bcc1a49abdee,Shadow Treads of Fury,44,boots,ranged,common,,
9f0a372c-dcc6-4d28-adae-26e9338591b7,Shadow Treads of the Raven,135,boots,ranged,common,,
12e9f272-0167-4777-b27f-8532e9255336,Soulforged Boots of the Mage,161,boots,melee,common,,
22014814-5e69-47f2-8cdc-a54f8dd10558,Brutal the Storm Spear,251,weapon,melee,common,25110.0,7.0
42d60f72-5651-49d7-b60d-dc51efe6ebd4,Soulforged Sandals of the Fallen,9,boots,ranged,legendary,,
86089fea-6ec6-41b0-b130-bfd8043d883e,Soulforged Soles of the Moon,239,boots,magic,epic,,
e2986948-25f6-4831-b05c-82657614e007,Soulforged Treads of the Warlord,69,boots,melee,epic,,
67652cf9-58aa-4d50-8611-e819bf6f4edc,Stormforged Boots of the Moon,164,boots,magic,epic,,
43a29961-0ce5-40c9-9bc4-471998e95b4b,Stormforged Boots of the Phoenix,126,boots,melee,legendary,,
88f52ba0-456f-4480-a17e-ea5280ae81f7,Stormforged Sandals of the Bear,53,boots,melee,legendary,,
f9fc9c07-1cbb-4d1c-af9c-13e344ba0089,Stormforged Shoes of Twilight,258,boots,magic,epic,,
dd6cbc84-6910-43b8-a1cb-1ab2af48d7d4,Stormforged Stompers of the Forgotten,257,boots,magic,epic,,
d5e7904c-5395-4318-a3ae-dafd748b9ec9,Stormforged Stompers of the Warlord,45,boots,melee,epic,,
22bc292b-5484-439a-bbae-2e636226aa79,Stormforged Striders of Agony,16,boots,melee,epic,,
f5306277-138b-4b53-9f24-394c10a437d6,Ancient the Fallen Axe,117,weapon,melee,epic,12695.0,0.0
ac01614a-a0ac-4e35-8af3-704bd7d8aea3,Titanic Footwraps of Shadows,79,boots,ranged,legendary,,
233c2afc-4493-4664-b72f-707a57d5e1b2,Titanic Sabatons of Nightmares,123,boots,magic,epic,,
86ebb55f-c865-42b5-a030-3f658a131180,Titanic Soles of the Forgotten,248,boots,ranged,common,,
6d125b87-bedd-490b-894f-f465070c0ea8,Titanic Walkers of Nightmares,114,boots,ranged,common,,
f6037e41-6dc5-4a14-9e5e-2df51720aa45,Titanic Walkers of Thunder,192,boots,magic,epic,,
c0115ccd-3ef1-49b7-a8a8-66b033d3a754,Twilight Greaves of the Moon,261,boots,ranged,epic,,
e14a8a2a-fa47-4d4b-96a5-55e355757686,Twilight Greaves of the Serpent,181,boots,melee,legendary,,
22dcf380-8750-4309-9655-4297a7afd39c,Twilight Sabatons of the Serpent,57,boots,ranged,legendary,,
fb100696-4308-4c2b-9820-17e104097195,Twilight Treads of Nightmares,230,boots,melee,common,,
3ccadaed-886f-4fe0-ac57-fe40bac4b1b1,Twilight Walkers of Madness,43,boots,melee,epic,,
a356e636-88dd-48d0-a5fd-3d574d7f827c,Demonic Rapier of the Dawn,135,weapon,melee,epic,14383.0,0.0
c5d9b6e9-3837-46c3-bcb0-4b603bcdcf7c,Twilight Walkers of the Fallen,25,boots,melee,legendary,,
c789b112-f81e-4220-ac26-def2800fbe1c,Venomous Boots of Glory,207,boots,magic,epic,,
cb98d7f0-440c-40d0-8579-d633e9a7f9dc,Venomous Sabatons of the Fallen,147,boots,melee,legendary,,
22176e86-3717-46c7-b904-c844e3cbff29,Venomous Sandals of Fury,67,boots,melee,common,,
2477bde9-407c-447c-9331-0ab1f8154038,Venomous Soles of the Moon,213,boots,melee,legendary,,
184938fc-196b-45b8-a583-72ea9c0a04b5,Venomous Stompers of Reckoning,203,boots,magic,epic,,
e345c7ea-7184-4b0f-a9a5-a67642767fcd,Vile Boots of Doom,190,boots,melee,common,,
3922bc9f-3823-4ac9-b549-f734b6de2312,Vile Footwraps of Destiny,33,boots,ranged,common,,
8fded412-9c17-4f4f-b8d5-6cb89e39b507,Vile Hoofguards of the Moon,122,boots,melee,common,,
56e8f65d-ab9e-43af-ae91-828220e32227,Vile Sandals of the Void,12,boots,melee,legendary,,
cd69c533-22ba-44ee-99d4-d12e1bba68ce,Thunder the Abyss Scythe,51,weapon,melee,epic,5558.0,6.0
4cfe0230-c606-4b24-b801-b6913b8163e6,Vile Shoes of the Fallen,85,boots,melee,legendary,,
bb583372-9fca-4920-96ea-d45ba447d6ab,Vile Soles of the Leviathan,234,boots,ranged,common,,
a59e01db-aa99-4b5c-9a1b-7929b718c4c1,Vile Striders of the Serpent,67,boots,ranged,common,,
e82a3096-7e2d-41d9-8edc-4be5a9ab92d2,Wicked Footwraps of the Bear,95,boots,ranged,legendary,,
b53cf6ed-c1b4-4bff-8fa8-d3d748f5c78d,Wicked Footwraps of the Mage,63,boots,ranged,common,,
62a7ff98-1c91-4b77-861b-b71ecba0e9cc,Wicked Greaves of Madness,219,boots,magic,common,,
a78473d2-aa07-4c8a-b7b5-73813e419b94,Wicked Hoofguards of the Void,176,boots,magic,common,,
b52769e4-7316-420c-b682-0dcd22336c5d,Wicked Sabatons of the Raven,186,boots,ranged,epic,,
55ba613a-bd19-4656-aa26-41125f4e89a1,Wicked Striders of the Mage,58,boots,melee,common,,
3df60813-6175-4189-a24d-84a33b94b3f5,Wicked Treads of the Warlord,150,boots,ranged,common,,
1fd457f8-eb63-4618-a31d-24020ce88b81,Savage Mace,158,weapon,melee,epic,16170.0,7.0
fcf04ecf-4f90-4328-af86-6ba53f49009e,Savage Blade of the Star,264,weapon,melee,common,28840.0,0.0
3d04bdc6-10d3-4fee-83a0-e563745398ab,Wicked Walkers of the Storm,189,boots,melee,epic,,
b882de01-2263-43d6-b3da-6cf3d2760b56,Ancient Fistguards of Silence,40,gloves,melee,legendary,,
ff7032b7-74f3-4725-96e5-93a2577d0541,Ancient Gloves of Doom,86,gloves,magic,legendary,,
a61a6458-fb1b-4cdb-8e97-3bcfbff07f27,Ancient Grips of Madness,133,gloves,melee,common,,
2ba2c9fd-0e63-4e9b-b9d8-ca34514ed337,Ancient Grips of Twilight,276,gloves,magic,legendary,,
1f0fdbb1-f359-4865-8ea9-e917c78e011e,Ancient Mitts of Nightmares,224,gloves,magic,common,,
745c6e74-370a-479e-9aa1-384bdd8a2743,Ancient Wristguards of Nightmares,32,gloves,ranged,legendary,,
e0cf4b4d-c070-4a09-93c6-6064c4bd50a9,Arcane Fistguards of the Void,165,gloves,melee,common,,
70787f77-0ea3-4ed4-88a9-5f395cdf2641,Arcane Grips of Agony,33,gloves,melee,common,,
dad903e3-9d8c-4353-9e28-c7161bcb000e,Arcane Grips of Madness,145,gloves,magic,common,,
bcb16054-58ab-4b42-b736-f2cb40feb4cf,Wicked the Dragon Spear,259,weapon,melee,common,27741.0,20.0
8cf7bfef-f682-49f6-8658-c31f640f4fc9,Arcane Grips of the Forgotten,223,gloves,ranged,epic,,
af796f27-6fca-4d0f-80d3-b0d09a2652f3,Arcane Handguards of Nightmares,229,gloves,melee,common,,
4adc3492-8250-4bf2-ae93-4692fc914bab,Arcane Handguards of the Mage,281,gloves,magic,legendary,,
f87f55c4-28ab-4ecc-968d-6bcde0549c90,Arcane Handwraps of the Ancients,30,gloves,melee,legendary,,
76333be5-c7a6-4072-afa0-9f1d4aa02622,Arcane Handwraps of the Warlord,148,gloves,melee,epic,,
5d9612c2-f46f-4adb-bfdf-84a0e8cbcc49,Blessed Bracers of the Ancients,18,gloves,ranged,common,,
061c25e1-ce0b-46c5-927e-e37d3aa62871,Blessed Fistwraps of Thunder,155,gloves,magic,epic,,
72babbea-b841-440b-8528-7fa4c64c29da,Blessed Gloves of Agony,33,gloves,ranged,legendary,,
84b3ce27-3550-49b8-b94a-92b5073b351a,Blessed Grips of the Undead,100,gloves,magic,epic,,
847f7261-9b89-4e52-af42-3c22d7474740,Blessed Handguards of Fury,41,gloves,ranged,legendary,,
ca3d8be0-e63a-41db-8b4b-5a1cd17aff14,Rapier of the Fallen,46,weapon,melee,legendary,4728.0,16.0
9d5cc268-5257-4d09-a709-2ffaae0a1171,Blessed Handguards of the Forgotten,216,gloves,ranged,common,,
3ec588fa-c92c-4980-aa1a-876debe0ec9b,Blessed Handwraps of Fury,228,gloves,magic,common,,
1d6c8036-371a-47d7-a84c-34410fb42f3a,Blessed Knuckleguards of Fury,144,gloves,ranged,epic,,
01baf448-65a6-4cb5-a82c-6861b3a6a9e1,Blessed Wristguards of Glory,121,gloves,ranged,epic,,
df92bc17-8279-450d-b675-78585c20d25a,Bloodstained Clutches of the Fallen,144,gloves,ranged,legendary,,
5edd54a9-a4ac-4a66-bdab-ffe58eaa4e99,Bloodstained Gauntlets of Thunder,22,gloves,melee,legendary,,
62afd767-b82d-420f-88ab-1df38aaaf2f8,Bloodstained Handguards of Agony,224,gloves,melee,common,,
9019be3a-f8e1-4ae4-975c-893d1b4aa600,Bloodstained Knuckleguards of the Leviathan,162,gloves,ranged,legendary,,
91cb9197-172b-435f-9ea3-32e593bff661,Bonecarved Clutches of Thunder,56,gloves,magic,epic,,
49d76421-709c-4881-93b8-0aeb591b0237,Bonecarved Fistwraps of the Undead,176,gloves,magic,legendary,,
0bf00ffa-c0a7-4dff-8cbb-fae919f3cc38,Mace of the Storm,132,weapon,melee,common,14164.0,7.0
d748ae18-bcb3-4329-8713-00260cce4bf4,Bonecarved Knuckleguards of Shadows,272,gloves,ranged,epic,,
e8e35bb1-7be7-47cf-8e6b-64c8b995d118,Bonecarved Knuckleguards of Silence,122,gloves,ranged,epic,,
b4f16e97-3904-4e13-9bdf-a3df8ec9eadc,Bonecarved Wristguards of the Forgotten,258,gloves,ranged,common,,
aee1bebc-ea20-4ded-b19e-f73ea1d237e5,Cursed Clutches of the Storm,1,gloves,magic,epic,,
029d280a-6cd5-44bd-b85e-7ff00ade50f4,Cursed Fistguards of Madness,221,gloves,magic,legendary,,
a04433c1-936b-4aa3-8d0d-9cfa726bfea4,Cursed Fistwraps of the Void,242,gloves,ranged,epic,,
fe369f1f-4c48-4e43-83a5-75b651de4f18,Cursed Gauntlets of Fury,175,gloves,ranged,epic,,
d371ce25-3912-43dd-8ab1-c628d647c434,Cursed Gloves of Doom,187,gloves,ranged,legendary,,
49ca8ea5-3d3b-4aad-b161-316e483b336c,Cursed Handwraps of Reckoning,54,gloves,magic,legendary,,
614272f4-3705-4a3f-b479-d3d883c9dc85,Cursed Knuckleguards of the Fallen,94,gloves,melee,common,,
d48a7613-4c27-4ded-852b-7883a75cb0cd,Dragon's the Inferno Blade,143,weapon,melee,epic,15555.0,8.0
45182e4c-3a55-4dd9-b85a-78e8511334f0,Cursed Mitts of the Forgotten,32,gloves,melee,epic,,
d6e07e73-00cb-44c5-bec8-e20283f72376,Cursed Wristguards of the Serpent,11,gloves,melee,common,,
273e1620-812e-4758-9e1c-974651213c48,Cursed Wristguards of the Warlord,165,gloves,magic,legendary,,
aba2ae49-b303-4c3a-8b4e-54f0c3ae1519,Doomed Fistwraps of Glory,73,gloves,melee,legendary,,
987c5d27-b372-4b78-b067-47f16054b013,Doomed Gauntlets of the Serpent,290,gloves,ranged,common,,
e897dede-0763-4710-bea4-f54e81c8fdc1,Doomed Handguards of the Storm,103,gloves,melee,legendary,,
ba53d2b1-05d0-40bd-9fa5-40b1450d514c,Doomed Wristguards of Shadows,131,gloves,ranged,epic,,
b6e90d6e-50e0-4fc7-a496-7a7cadfbe8a3,Dragonhide Bracers of Twilight,85,gloves,ranged,legendary,,
1b0bd83d-f96b-470f-ab06-a90dd1a42f6b,Dragonhide Bracers of the Moon,1,gloves,ranged,legendary,,
35585a9b-0540-4d11-ba90-a394a0ee5a7c,Dragonhide Clutches of the Serpent,255,gloves,magic,common,,
0cca562a-5506-4264-9de7-51ea7b6a24b4,Doomed Flail,295,weapon,melee,epic,31953.0,17.0
75197acb-ffee-4b36-8c63-2e17516ea2d3,Dragonhide Fistguards of the Phoenix,214,gloves,ranged,legendary,,
e40834b5-fbb4-4334-b4d7-9c0df49f73f4,Dragonhide Gauntlets of Nightmares,168,gloves,melee,epic,,
7da1a6aa-4c76-4ad6-a2fa-60f85be1296a,Dragonhide Gauntlets of the Undead,76,gloves,magic,common,,
e00fbb29-6604-42a2-8340-716dbd110930,Dragonhide Grips of Destiny,185,gloves,melee,common,,
dd7df401-541a-42e5-b8c6-df5e0f89ceaa,Dragonhide Grips of Glory,85,gloves,ranged,legendary,,
4dd3c70d-aa17-41ac-a4a0-5c20c81f2760,Dragonhide Handguards of the Raven,299,gloves,magic,legendary,,
36953caa-7df4-4a56-a049-7d01029edba1,Dragonhide Mitts of Nightmares,61,gloves,melee,epic,,
9eef5d2e-5356-4444-8f5e-ae34716e460e,Dragonhide Wristguards of Agony,223,gloves,ranged,common,,
21babe24-f9b8-46af-8759-e90dd828f39d,Emberwoven Clutches of the Leviathan,153,gloves,ranged,common,,
953040d8-5122-48ae-96ea-7c4e0b791993,Emberwoven Fistguards of Agony,217,gloves,melee,legendary,,
aca6dcc2-95d4-4512-9d57-b7ecf5734bd6,Hammer of the Dragon,100,weapon,melee,legendary,10548.0,9.0
6b90c5eb-8294-4390-85ad-270a37a09331,Emberwoven Fistguards of Reckoning,17,gloves,ranged,legendary,,
900c987a-8358-4f6f-afb9-b2861222f1de,Emberwoven Fistguards of the Leviathan,89,gloves,magic,common,,
33001cf9-bcbb-417c-996e-871eb7cb5cd8,Emberwoven Gauntlets of Thunder,51,gloves,ranged,legendary,,
16c8c386-2f4f-44b9-b831-febdfc116340,Emberwoven Knuckleguards of the Phoenix,48,gloves,ranged,common,,
dcc77c4c-8553-430b-b733-c433ef95f7f9,Emberwoven Wristguards of the Phoenix,240,gloves,ranged,legendary,,
b25d3bf0-d15a-49d5-bd2b-8ae522c956e8,Emberwoven Wristguards of the Serpent,275,gloves,melee,legendary,,
f9d7e455-ed44-45e8-97d2-a0bb90320272,Frostbound Clutches of the Leviathan,148,gloves,ranged,epic,,
1a39b39a-e8c3-43b6-a7e9-8d543bb1d227,Frostbound Fistguards of Doom,27,gloves,magic,common,,
3eae37dd-8639-4749-a3d6-424329dc390b,Frostbound Fistwraps of Glory,141,gloves,ranged,common,,
b1257865-5043-4d34-8382-5bef38a00d0d,Frostbound Fistwraps of Shadows,296,gloves,magic,common,,
33ded227-8c53-4126-bb6d-ac1cacf6d7d4,Spear of the Dragon,91,weapon,melee,common,9408.0,4.0
d112a795-426a-4f76-91f3-e5e8599ecb19,Frostbound Fistwraps of the Bear,250,gloves,melee,common,,
a22da517-6323-4a03-8e4c-7ad660091458,Frostbound Fistwraps of the Leviathan,161,gloves,magic,legendary,,
f4445c52-5b90-4d7b-b75d-2ca0a50bb309,Frostbound Fistwraps of the Serpent,150,gloves,melee,legendary,,
8b02865d-b51b-41f3-b32b-fcd6c235c237,Frostbound Grips of the Undead,88,gloves,magic,epic,,
0d18868f-4fe1-431c-8624-27c7315796db,Frostbound Knuckleguards of Fury,27,gloves,melee,legendary,,
ad9ae1e5-b8e4-498c-8f56-dd66479c37be,Frostbound Knuckleguards of the Phoenix,183,gloves,magic,legendary,,
4faa4341-991f-491f-867f-377e1d78e516,Ghostly Clutches of the Leviathan,268,gloves,melee,common,,
14a95ba3-1c0f-4c1b-9974-ed94462ac126,Ghostly Fistguards of the Phoenix,1,gloves,ranged,legendary,,
e2919adc-3500-4588-a1e8-c624fafba845,Ghostly Gloves of Destiny,194,gloves,magic,common,,
1368a4d6-4464-4eda-8cd4-1c055c0a9523,Ghostly Mitts of the Raven,217,gloves,magic,common,,
a5f626e6-949c-4e23-8f38-d28e8c2c7fca,Thunder the Ancients Mace,150,weapon,melee,epic,15649.0,15.0
811f917e-881a-4542-a623-1b80bff5aa68,Ghostly Wristguards of Thunder,246,gloves,ranged,legendary,,
9ec134da-85e8-4afe-9a8c-a7ba0b14fed1,Gilded Fistwraps of the Warlord,155,gloves,ranged,legendary,,
4de4cbdf-450b-4c9d-a9ca-c8778db5d432,Gilded Gauntlets of the Raven,13,gloves,magic,common,,
d15eaba1-3b7f-4917-9a2c-6cbc9a850447,Gilded Grips of Madness,229,gloves,melee,legendary,,
c50f2a70-6a8e-4e5d-a9d7-7cb8dc38ee63,Gilded Handwraps of Silence,88,gloves,melee,legendary,,
43254d5c-e602-4cb2-841d-b30c258faa96,Gilded Knuckleguards of the Fallen,236,gloves,magic,epic,,
e9dfa1ba-97f3-44bd-b88f-8126dbccdb79,Gilded Mitts of the Ancients,129,gloves,melee,legendary,,
ace0f605-eec1-4bdc-9e66-dc1cc65a3b88,Gilded Wristguards of Reckoning,264,gloves,melee,legendary,,
c4038588-eb02-4e3c-894b-93054f88df3a,Haunted Fistwraps of the Fallen,38,gloves,ranged,common,,
eb647f56-8428-4833-afc1-cbb0b180787c,Haunted Gloves of Agony,123,gloves,ranged,legendary,,
546ccd42-31d2-4967-8bb6-e8814e75e357,Savage Claymore of the Lantern,144,weapon,melee,legendary,15339.0,16.0
ca626a73-c9f5-4e20-abc2-f001f0be364b,Haunted Handguards of Destiny,130,gloves,melee,epic,,
721baf1c-b89f-4d02-83b0-a23c6fbbc7a3,Haunted Handguards of Shadows,70,gloves,magic,legendary,,
894be919-12c0-4118-b6cd-653affa58a6f,Haunted Handwraps of the Mage,165,gloves,ranged,common,,
3515ab9a-2eb5-4ae7-892f-62bbf0e3c649,Haunted Knuckleguards of Reckoning,149,gloves,melee,legendary,,
a9fb4520-3baf-4905-8ca2-0a7d5862b20f,Haunted Wristguards of Silence,232,gloves,magic,epic,,
e7435dd3-4b12-49a8-aa38-637cc3b36293,Infernal Bracers of the Void,233,gloves,ranged,legendary,,
b25a539a-b47b-495f-b467-9723046c49e4,Infernal Clutches of the Fallen,162,gloves,ranged,common,,
0b7f7d10-1674-4025-a8b7-cde4c216ef78,Infernal Fistguards of the Leviathan,281,gloves,ranged,legendary,,
ebbc6f9b-e239-4a55-b2d0-8da633c38fb6,Infernal Fistguards of the Moon,21,gloves,ranged,common,,
0e80315b-95e4-4034-9a28-e1e6eb8ffa29,Infernal Fistwraps of Reckoning,92,gloves,ranged,epic,,
a905eda7-02de-4f65-be3d-03e356884e52,Brutal Halberd of the Dragon,139,weapon,melee,epic,15247.0,7.0
5a08f87b-039b-4f85-b771-17628c5fc2a2,Savage the Eclipse Claymore,9,weapon,melee,common,966.0,5.0
28159931-c104-474f-9462-d93bb27ca028,Infernal Gauntlets of Doom,187,gloves,melee,epic,,
bc3cfa0c-9417-4589-acb1-1ece35f432c1,Infernal Gauntlets of Silence,290,gloves,ranged,common,,
2ff29336-88f4-45b6-90bb-fec0a32db769,Infernal Gauntlets of the Fallen,236,gloves,melee,common,,
a22ebf0e-d6a9-44ed-84b3-86bf2e58612a,Infernal Handguards of Fury,84,gloves,melee,legendary,,
463a45ea-f319-4dfb-8fa4-da733280a4f0,Infernal Handwraps of the Raven,124,gloves,melee,common,,
a11de888-0fa4-4d5a-8934-93e8bd9f6ee5,Ironbound Clutches of the Forgotten,110,gloves,magic,legendary,,
d9c74ddd-6182-44ff-8a14-9f9395f85270,Ironbound Clutches of the Undead,81,gloves,melee,legendary,,
c47bb994-4fe7-4804-a531-32b44a4f0c6a,Ironbound Gauntlets of Glory,32,gloves,ranged,legendary,,
e60143bf-511a-4dfe-aa06-1f9021499e9b,Ironbound Gauntlets of Thunder,132,gloves,ranged,common,,
a60ba14a-c678-4c8a-abb6-edb2da7148f2,Ironbound Gloves of Agony,140,gloves,melee,legendary,,
9d81cec9-7f21-43cb-b463-26dbe01c241c,Enchanted Rapier of the Void,53,weapon,melee,epic,5616.0,5.0
76ebb828-d6a7-4f87-a266-00553b65d62e,Ironbound Gloves of the Undead,209,gloves,magic,common,,
2a83898d-beb6-4547-9019-0d7210c55a53,Ironbound Mitts of the Void,243,gloves,melee,legendary,,
fd433b28-3422-4566-8b89-86bbba841900,Lunar Bracers of Reckoning,161,gloves,magic,common,,
56c36fdf-73c7-4f0d-84d8-c83d8f3640cc,Lunar Clutches of the Bear,182,gloves,magic,common,,
401d0e58-ee4f-4889-94bd-25c5dfa241ac,Lunar Grips of Reckoning,196,gloves,magic,legendary,,
05242ff2-8095-48ea-ad12-5032411632e4,Lunar Handguards of the Phoenix,193,gloves,melee,epic,,
b466d43c-9dc2-4474-91c2-0bb999120410,Lunar Knuckleguards of Madness,3,gloves,magic,epic,,
783ca74c-a7a7-4a9d-97f3-231e74dc572d,Mystic Bracers of the Forgotten,204,gloves,ranged,common,,
1b10e2f1-7421-45b0-aec7-f305c63a0f11,Mystic Gauntlets of the Leviathan,64,gloves,ranged,epic,,
c03a782e-99cb-4328-b4d9-58becc5e372c,Mystic Handguards of Nightmares,294,gloves,melee,legendary,,
a37a8912-6bf6-400e-bdc1-c89f807685c4,Hammer of the Fallen,179,weapon,melee,epic,18994.0,15.0
6e5b7b41-48cf-4583-85b4-24ec7cdeaf74,Mystic Knuckleguards of the Void,156,gloves,ranged,epic,,
1586ce2e-022d-4448-a646-d5e69ad0f439,Mystic Wristguards of Glory,92,gloves,melee,epic,,
6d00e8a6-8080-4e47-b14f-7558bec6b518,Obsidian Clutches of Madness,23,gloves,magic,epic,,
0297f180-0502-4903-8f28-d1f4032a9991,Obsidian Fistwraps of the Forgotten,252,gloves,magic,legendary,,
05747224-9a8d-42d5-ad76-4c26bc078fb8,Obsidian Gauntlets of Thunder,250,gloves,magic,legendary,,
7361e45f-f32c-43f7-a6eb-5069bcac27cb,Phantom Clutches of the Phoenix,240,gloves,magic,epic,,
f98b087e-87c1-461c-8d2e-68fb9e6b64d0,Phantom Fistwraps of Twilight,150,gloves,magic,common,,
205098c1-1b67-45aa-bd08-3287cd2818cb,Phantom Gloves of the Fallen,221,gloves,ranged,legendary,,
6f282ef9-a7df-4765-97f0-fd56281fcf62,Phantom Grips of the Mage,135,gloves,ranged,epic,,
a59fb461-2a5f-4451-b1cf-192346fe9185,Phantom Handguards of the Leviathan,143,gloves,magic,legendary,,
0e516a77-9800-41ec-bbc9-33a79198b90e,Vampiric Mace of the Abyss,106,weapon,melee,epic,10706.0,14.0
0d110c25-b0ca-400e-b840-373d142c6fce,Phantom Knuckleguards of Twilight,48,gloves,melee,epic,,
dc8e0d8e-bb96-4bfe-a0a1-f53543cf85a6,Phantom Knuckleguards of the Undead,21,gloves,ranged,legendary,,
1b445c88-9866-44a6-8893-54bdf5595669,Phantom Mitts of Reckoning,140,gloves,melee,epic,,
3f340b0d-f360-49e6-9fed-9c9f1ea64024,Radiant Fistguards of the Mage,142,gloves,magic,common,,
c6cab9f0-3e27-47bc-a22b-f4525986273e,Radiant Gauntlets of Agony,104,gloves,magic,legendary,,
b9db731a-64a0-4675-bd6d-bfbcbb245739,Radiant Grips of the Phoenix,224,gloves,magic,epic,,
a8fe0b65-2db8-47c8-b9f1-318d3b1890ba,Radiant Handguards of Thunder,232,gloves,magic,epic,,
d23f2b3e-0d8e-4844-ac8c-d249ea8b843e,Radiant Handwraps of the Leviathan,221,gloves,magic,epic,,
30a6aac3-e475-4d53-b192-6f1c69071680,Radiant Knuckleguards of Destiny,234,gloves,melee,legendary,,
1fe2e857-f568-4d09-90f9-236ac2d10978,Royal Fistguards of the Moon,102,gloves,melee,common,,
ab478d50-b1e9-4caf-8b4a-9819fb9f8cac,Vampiric the Dawn Axe,256,weapon,melee,epic,26069.0,18.0
d884d009-3d53-413e-8817-2a16cfb60735,Royal Gauntlets of the Mage,186,gloves,melee,legendary,,
5f4f6b08-2cc2-4950-bae9-3b5673c9b19f,Royal Grips of the Warlord,124,gloves,ranged,common,,
3bff266a-efbd-4db3-9fc9-bde14df49759,Royal Handwraps of Shadows,14,gloves,melee,epic,,
7785a9ce-57ee-4e7e-972e-71135332b7da,Runed Bracers of Fury,7,gloves,ranged,legendary,,
d44ae3e5-f1dd-4362-8736-4e53e9ce5b4e,Runed Bracers of Madness,245,gloves,ranged,common,,
7909afdb-b4ae-4fb2-8fac-6000c08d1b17,Runed Clutches of the Storm,85,gloves,magic,common,,
1192f94d-f47c-46d5-941a-4ff7d56a4890,Runed Fistguards of Thunder,228,gloves,melee,common,,
f51b4b29-a7cb-442b-9600-cc234371fa58,Runed Fistwraps of Reckoning,261,gloves,magic,common,,
c9eb93ae-df60-4f90-a724-5194e1a72656,Runed Handguards of Twilight,3,gloves,magic,legendary,,
537929f0-3984-4a96-93f6-190d42685795,Runed Handguards of the Moon,97,gloves,melee,epic,,
99d7e743-dde8-42ff-b7ef-ed6e82a67fec,Doomed Warhammer of the Fallen,56,weapon,melee,common,5731.0,12.0
bc490200-3ee2-4972-829c-af3bdc5e0aa8,Runed Wristguards of the Forgotten,199,gloves,melee,epic,,
9a4fb156-2e3a-4a29-9aa0-7450f7eed4f8,Runed Wristguards of the Raven,226,gloves,ranged,common,,
0fab6a2d-08fb-4db3-9b13-588797a8dc04,Savage Fistguards of the Leviathan,208,gloves,ranged,epic,,
bba98f48-7503-4dcd-9f34-23055da8d320,Savage Gauntlets of Agony,119,gloves,magic,legendary,,
daa1e7a3-96e5-4fc2-bd7b-eb761b207eb1,Savage Gauntlets of the Ancients,185,gloves,magic,epic,,
a0ddd5a8-b487-4ea4-a059-837178feffee,Savage Knuckleguards of Twilight,55,gloves,melee,common,,
24956891-7f92-49c2-946e-5b64b6625398,Shadow Clutches of Glory,195,gloves,ranged,legendary,,
ae8ed115-1dc3-46c7-8140-140a4921499d,Shadow Clutches of Shadows,173,gloves,magic,epic,,
950f9a9a-bbe2-4402-93a2-b8a5f237b78c,Shadow Clutches of the Phoenix,141,gloves,magic,common,,
2482be56-c4ac-4a0e-b612-214c6d99eb00,Shadow Gloves of the Forgotten,245,gloves,magic,epic,,
9e7cf4c5-9022-497a-8d3a-b9ad681e8c49,Ancient Hammer of the Eclipse,189,weapon,melee,epic,19899.0,5.0
d501caec-8948-4e70-9cd5-eeb3728c14db,Shadow Gloves of the Mage,227,gloves,melee,legendary,,
d9b6f55a-4cc0-4042-a3cd-975c96b54a85,Shadow Grips of Silence,113,gloves,magic,epic,,
fff0b041-bd0b-4159-af57-f0e86bd3e7e6,Shadow Knuckleguards of the Leviathan,52,gloves,magic,epic,,
719c652b-f47f-4140-ba2c-958bd60c46f4,Shadow Wristguards of Glory,77,gloves,melee,epic,,
82efb205-f6fe-4831-bebe-d0bdef5f7a20,Soulforged Fistwraps of the Fallen,57,gloves,magic,epic,,
59cbd5c7-885f-44d1-a26d-102683fbdbdb,Soulforged Gloves of Destiny,286,gloves,ranged,legendary,,
fcff12d0-a30e-4da3-8200-c101bd20c77d,Soulforged Gloves of the Serpent,288,gloves,ranged,legendary,,
a4dc609e-ec27-40f0-aee6-ac4199be9766,Soulforged Grips of the Fallen,69,gloves,melee,common,,
ec8004dd-7ab8-49fa-bfb8-60479e2e8ebb,Soulforged Knuckleguards of Madness,153,gloves,melee,epic,,
21ab8c6a-b4c8-46db-96fe-63036b371880,Soulforged Mitts of Silence,7,gloves,magic,epic,,
9f94092a-247f-450b-b837-d7ad109bdf9d,Dagger of the Storm,196,weapon,melee,legendary,20478.0,5.0
401070dc-1a6c-4971-a61b-376e7b14c602,Stormforged Bracers of the Ancients,244,gloves,ranged,legendary,,
5dc3397e-a702-4bf2-b6b3-8d00e7f964a4,Stormforged Gloves of the Ancients,108,gloves,melee,common,,
c3bfdc9e-855e-4762-9904-c799ae1a3db2,Stormforged Gloves of the Phoenix,197,gloves,ranged,common,,
47308393-4405-4570-99e7-f0721f8eed72,Titanic Clutches of the Bear,154,gloves,melee,epic,,
da4a9f0d-4adb-4bf0-9da2-e2668ae99209,Titanic Fistguards of the Warlord,54,gloves,magic,legendary,,
b764d3b0-54a7-41f0-aecc-857a480a1b02,Titanic Gloves of the Forgotten,86,gloves,melee,epic,,
74f509cb-bb19-4165-9638-2e6709a5bc87,Titanic Gloves of the Warlord,137,gloves,magic,epic,,
7bb0f6f5-ede8-4951-9aa2-e849eef5385d,Titanic Grips of Shadows,45,gloves,ranged,common,,
99a63f0e-c7ed-4629-8819-f01ded6bb10c,Titanic Handguards of Agony,130,gloves,melee,epic,,
fb02d33c-4c6e-45a0-80cc-d22f3c784ca1,Titanic Handwraps of Thunder,23,gloves,ranged,legendary,,
0410c2d4-f257-4b3b-848d-dfab935b883c,Hammer of the Moon,182,weapon,melee,epic,18511.0,1.0
d6125c92-f94e-40df-ada2-09db73e6e79b,Twilight Fistguards of the Undead,221,gloves,magic,epic,,
186bebdb-7c4b-4d17-8321-7c86a144a655,Twilight Handguards of Agony,99,gloves,melee,legendary,,
6830aa71-a63d-4e1d-8b65-687f07368a19,Venomous Bracers of Nightmares,268,gloves,melee,common,,
1bc7d534-728e-43f4-9882-420e1af95ea6,Venomous Clutches of the Ancients,7,gloves,magic,legendary,,
2403617e-8297-49a8-a66d-b86d57352f34,Venomous Gloves of Madness,208,gloves,melee,legendary,,
e48c565f-f9d5-4998-b585-e4e86affda97,Venomous Grips of Madness,215,gloves,ranged,epic,,
89a7622a-c5a4-4df1-bc12-3d5997efc78d,Venomous Grips of the Raven,250,gloves,magic,epic,,
2b8efbfd-397c-44df-a96a-3ad60aba6929,Venomous Wristguards of the Bear,172,gloves,magic,legendary,,
d9a82110-8108-48cc-aeb4-4b4ef81cc31d,Venomous Wristguards of the Mage,65,gloves,melee,common,,
bc231d51-adc8-4061-a611-b712f73b8b14,Vile Bracers of the Raven,272,gloves,ranged,legendary,,
8422fe8b-0c24-4100-8c5b-5e9097972465,Radiant Flail,100,weapon,melee,epic,10509.0,1.0
cd279c45-e988-400b-98d5-3389a3d40b42,Vile Fistguards of Doom,176,gloves,magic,epic,,
643128ec-5bfd-47fb-b05a-8c8620254bcb,Vile Gauntlets of the Bear,229,gloves,magic,legendary,,
6a3b8f5e-dc1b-43d5-a466-5c8c8e318b2d,Vile Gloves of Silence,63,gloves,melee,common,,
8519fccc-a243-48bf-ab0f-48fedf8303ed,Vile Grips of Silence,149,gloves,magic,legendary,,
6ae5cbdf-4f63-4c91-be32-e0755a2f0ad4,Vile Handwraps of the Serpent,118,gloves,melee,legendary,,
9161e2ac-6834-4a33-a8b4-37f29951c7f5,Vile Knuckleguards of the Undead,57,gloves,melee,common,,
c5394ceb-a5a9-496f-99f7-b089c55d30c8,Vile Wristguards of Fury,181,gloves,magic,legendary,,
413daddc-1877-4fb1-9a30-30fd4e36363f,Wicked Fistguards of the Warlord,45,gloves,magic,legendary,,
fdd9d5ff-e480-4d82-87c8-7fc46cc2f89a,Wicked Grips of the Leviathan,262,gloves,melee,common,,
c8f3c81a-41ec-46a8-83da-1a87accc5300,Wicked Knuckleguards of Madness,229,gloves,magic,epic,,
659882ed-b8b4-45d1-b398-30e6a50cc6f3,Rapier of the Phoenix,225,weapon,melee,common,23407.0,4.0
b334364b-f251-4b24-9c9e-c08e3108a8f9,Radiant Katana of the Moon,37,weapon,melee,epic,3830.0,13.0
05696f25-e539-4cb4-88a2-40d84a8d585d,Wicked Wristguards of Reckoning,180,gloves,magic,common,,
fe4a7d72-7fa6-49b8-a4b9-e2f42993c0ad,Battle Hat of Bald Bravery,207,helmet,magic,common,,
76a58be2-af11-482b-abb2-5cb2c8161791,Battle Hat of Duck Summoning,241,helmet,ranged,epic,,
cea12346-504e-4b21-b164-1d3832cead62,Battle Hat of Forgetfulness,253,helmet,melee,common,,
7970756d-82bd-405f-bff2-95f34d491447,Battle Hat of Fridge Logic,118,helmet,magic,legendary,,
31a35790-9e5f-41cc-a226-75d1c1e7af03,Battle Hat of Last Tuesday,295,helmet,magic,epic,,
07cd85a4-8695-4f5d-9b05-1cc4b71da5cb,Battle Hat of Mistaken Identity,206,helmet,ranged,legendary,,
c08d6bb9-3b8a-41f8-b90b-a94acc87be3d,Battle Hat of No Protection,132,helmet,ranged,legendary,,
472af970-05ba-4ebc-b78c-f6a6f63d3071,Battle Hat of Overthinking,273,helmet,melee,legendary,,
c132a3a8-f517-49bc-9fac-664a6e684102,Battle Hat of Poor Decisions,300,helmet,ranged,epic,,
0f38a911-6619-4b69-8aa7-25367ba3db67,Thunder Dagger,90,weapon,melee,epic,9794.0,1.0
53086a01-da44-4c49-8560-25ceaa207b84,Battle Hat of Whispering Winds,14,helmet,magic,common,,
fce8589d-fd0a-4ad7-92c9-56dd4b7cdb83,Battle Hat of the Toastmaster,44,helmet,melee,epic,,
8bc0c4c3-d468-443e-8396-cbc90cc666aa,Beanie of Bald Bravery,144,helmet,ranged,epic,,
9ae26b62-9a8d-43ab-868f-dfd13cfc960a,Beanie of Brain Fog,152,helmet,magic,legendary,,
3794d35c-842b-4af5-a197-18f9ca476a2f,Beanie of Cracked Wisdom,252,helmet,magic,legendary,,
f017f64e-9103-4494-b0eb-e71dc860c73c,Beanie of Duck Summoning,137,helmet,magic,common,,
404b1ada-2041-4e5f-ba69-826fa77b01f2,Beanie of Glorious Hair Loss,75,helmet,magic,epic,,
148e186d-d027-4136-a062-f1b15ca82c23,Beanie of Mistaken Identity,137,helmet,magic,legendary,,
2e412346-daa1-4fc3-912a-c4cb21f32ca5,Beanie of No Protection,274,helmet,ranged,epic,,
a5a43574-50c6-4360-9206-29e222a13054,Beanie of Overthinking,104,helmet,melee,legendary,,
9b2dc722-af89-4aed-ac47-5d752e84a2d0,Flaming Axe,55,weapon,melee,epic,5879.0,2.0
995cbd4c-8ee6-465a-9636-0b403f7ee5f3,Beanie of Sudden Epiphanies,130,helmet,melee,legendary,,
a00880ec-b09f-4cd6-8915-2b26489672b2,Beanie of Whispering Winds,281,helmet,melee,common,,
c7573c96-3979-4cbd-95bc-9864c163ac27,Beanie of the Lost Hairpin,198,helmet,melee,legendary,,
83f4d156-d2ae-4498-8b23-616f0dad820c,Beanie of the Party Goblin,262,helmet,ranged,epic,,
f569319d-4150-4079-83bd-9430581ff52e,Brow Shield of Dramatic Entrances,151,helmet,melee,common,,
1ba4a4ac-7c89-4dd4-b7bc-3c395d08a759,Brow Shield of Fridge Logic,116,helmet,magic,epic,,
0f5bc841-224b-49a5-86df-15ebadf5d826,Brow Shield of Mild Discomfort,221,helmet,melee,epic,,
e06a88a5-1e42-4874-aa5e-aa6fa7893f6a,Brow Shield of Mistaken Identity,49,helmet,ranged,common,,
e4a14d0b-ec60-4a00-b380-8e42553eee20,Brow Shield of No Protection,20,helmet,ranged,common,,
8dc53c34-02ca-450c-8bc3-0f0be8bb0e9f,Brow Shield of Onion Tears,108,helmet,ranged,common,,
87d4be3f-0ad1-4c5d-a021-49c8103056ca,Holy the Fallen Scythe,20,weapon,melee,legendary,2083.0,8.0
31f01cb1-f081-4de1-afb7-9f5482b0c001,Brow Shield of Overcooked Noodles,274,helmet,ranged,legendary,,
badbc98e-e55b-4563-b526-4ad610d6a3e8,Brow Shield of Squirrel Thoughts,115,helmet,ranged,epic,,
48476d29-486e-4593-ae3f-9140a75e944f,Brow Shield of Whispering Winds,69,helmet,magic,epic,,
dda29efc-d2c8-4cd5-a0a1-1235e1603acb,Brow Shield of the Lost Hairpin,20,helmet,ranged,epic,,
ec95f12b-7f78-49e8-9488-371cbd7ebe5f,Brow Shield of the Missing Mind,254,helmet,melee,epic,,
afeac52f-9425-4c3d-a790-5d91987b6b77,Brow Shield of the Slight Headache,159,helmet,ranged,epic,,
b40dc33a-8f8a-4b5b-b089-e54699f6e35d,Brow Shield of the Toastmaster,8,helmet,melee,epic,,
cb00ade7-b564-4432-bc3c-bb4497bd0aba,Bucket of Awkward Stares,137,helmet,melee,common,,
27759f97-aed6-4aeb-b494-f53f0a18daea,Bucket of Comedic Timing,20,helmet,melee,epic,,
6bea9442-1de7-44a2-8530-2ea7ab84d81e,Bucket of Duck Summoning,78,helmet,magic,legendary,,
15c5722f-9755-4fa8-abb6-01490e427ce4,Ancient Blade,69,weapon,melee,common,7067.0,1.0
cded8953-05e3-436d-b404-af562a6ab7ca,Bucket of Eternal Confusion,232,helmet,melee,common,,
2d663af2-5556-416f-ad86-199f2ac9bf3a,Bucket of Fashion Crimes,185,helmet,magic,epic,,
b70bda55-bfcc-448c-80f2-b8dbe97ca7fa,Bucket of Funky Smells,220,helmet,melee,legendary,,
c6a24f5d-a8f2-4a2b-a416-8dd22f779913,Bucket of Infinite Itchiness,33,helmet,ranged,epic,,
5b953315-e668-4dd8-896c-c0d8b5de8afc,Bucket of Loud Breathing,241,helmet,magic,legendary,,
9da9f995-4489-4cf2-80b7-da3cfa0d3609,Bucket of Mild Discomfort,108,helmet,magic,common,,
006968c8-b800-4a9b-b063-3c4de58641d9,Bucket of Poor Decisions,106,helmet,ranged,legendary,,
10ca0709-c296-4cb8-b8ad-e2bfab6752d7,Bucket of the Left Sock,89,helmet,magic,epic,,
b6244de4-d453-4605-a86f-ce2a214ac585,Bucket of the Party Goblin,295,helmet,magic,epic,,
23cb3398-1af1-4515-b85d-83570bb5666a,Bucket of the Raccoon Whisperer,126,helmet,magic,common,,
63edd2eb-ad99-46df-b086-4f1649c82112,Wicked Mace,51,weapon,melee,legendary,5602.0,12.0
2fddf551-f15b-44ff-960e-af886146759a,Bucket of the Yawning Knight,6,helmet,melee,legendary,,
38e4fa85-0816-4197-992f-f3037411b0a5,Cap of Brain Fog,259,helmet,ranged,legendary,,
dfb42704-de53-4c16-b989-a60e275d1ac1,Cap of Dramatic Entrances,132,helmet,ranged,common,,
486f3565-7a3c-47d9-ad1b-cdf19cd3cc57,Cap of Eternal Confusion,259,helmet,ranged,epic,,
a3127d63-dbd2-4fe9-98fb-006337ae3920,Cap of Fashion Crimes,128,helmet,magic,epic,,
9d1ce50f-a1f9-47c6-84b3-eb97f04283d9,Cap of Forgotten Lore,210,helmet,ranged,legendary,,
ad1dfdf1-9999-4417-a585-604eef2c098e,Cap of Mistaken Identity,170,helmet,ranged,legendary,,
8741124f-f6e3-465a-a9cf-ec9881fb15e7,Cap of Sudden Epiphanies,256,helmet,ranged,legendary,,
0dfe7674-52ac-4135-89b2-f7f14d0036fe,Cap of Unseen Dandruff,284,helmet,melee,legendary,,
d037d7a2-eccc-48e6-8ec2-daeca6b260c7,Cap of the Missing Mind,75,helmet,ranged,epic,,
12b7a6b2-60bb-4eca-ac20-112299808749,Dagger of the Night,198,weapon,melee,legendary,20057.0,4.0
f2173afd-9535-4863-8463-db98f946e43c,Cap of the Slight Headache,91,helmet,ranged,legendary,,
b9227e32-89e6-4dc9-bf9a-c3cfaa88e05f,Cap of the Toastmaster,136,helmet,ranged,legendary,,
fc41aac2-791f-4c8f-a589-eac35dcc234c,Cerebral Cover of Accidental Brilliance,79,helmet,melee,legendary,,
140bd8fc-3611-41a7-9759-489843457ed4,Cerebral Cover of Dramatic Entrances,187,helmet,magic,common,,
8db603f5-3a01-4981-9120-9a0a422fc128,Cerebral Cover of Duck Summoning,286,helmet,melee,legendary,,
b7acf8df-c6c2-4317-b452-988956b8d2b6,Cerebral Cover of Eternal Confusion,161,helmet,melee,common,,
36aa84cc-bdea-4b4a-8f48-6e2ed24b8e12,Cerebral Cover of Fashion Crimes,225,helmet,ranged,common,,
20178d8c-eac2-4765-a7ed-a07f67270950,Cerebral Cover of Fridge Logic,298,helmet,melee,common,,
7bde71a5-e97c-4755-bbca-bc4cc2ad9705,Cerebral Cover of Mild Discomfort,87,helmet,ranged,common,,
563f51f0-be59-4b01-bb5f-e2ab4c82d49e,Cerebral Cover of Overcooked Noodles,256,helmet,magic,epic,,
b95025df-de63-49d9-ae4f-900d54180dc5,Vampiric Halberd of the Star,143,weapon,melee,epic,14604.0,14.0
37972580-b889-45a0-b824-20eb7660e223,Cerebral Cover of Overthinking,191,helmet,melee,legendary,,
51b0f14b-c740-4ece-84f5-77d98d866bcc,Cerebral Cover of Sudden Epiphanies,281,helmet,melee,epic,,
76922e1f-e95e-4362-adc6-c4c2eb1b73a9,Cerebral Cover of Unseen Dandruff,275,helmet,melee,legendary,,
c888d53f-1641-4cfb-80f6-6b67daa61857,Cerebral Cover of the Lost Hairpin,77,helmet,magic,epic,,
7483585a-af14-4d27-b5d9-e5361b9ade39,Craniocap of Brain Fog,197,helmet,magic,legendary,,
7730c375-aef3-47f8-b858-c7266f779412,Craniocap of Cracked Wisdom,21,helmet,melee,common,,
4677be7e-e82c-4f0e-b199-5d3e35d04d03,Craniocap of Duck Summoning,149,helmet,melee,common,,
d3bb966d-31a5-41da-9d5e-88a738098be7,Craniocap of Fashion Crimes,295,helmet,ranged,epic,,
94e5dc5d-77c2-4f1b-92e8-51f6950a78ac,Craniocap of Forgotten Lore,77,helmet,ranged,legendary,,
ec86b4f2-d4c1-479b-b93f-998621d6530a,Craniocap of Mild Discomfort,240,helmet,ranged,epic,,
a11ec69a-12be-4dbf-93b7-9f8ca1ce5c3b,Doomed the Moon Dagger,76,weapon,melee,common,8100.0,9.0
b80b2922-a55f-44d1-8e63-b995b2fee177,Craniocap of Onion Tears,234,helmet,ranged,common,,
08358245-68b0-4015-8753-5a8a7b3f6527,Craniocap of Squirrel Thoughts,284,helmet,magic,common,,
c97cdb8c-70d8-4eb9-abb4-c807b3a5ba8d,Craniocap of Unseen Dandruff,16,helmet,melee,legendary,,
ccc94a41-a20c-4c4b-908e-148f67453b39,Craniocap of Whispering Winds,191,helmet,magic,common,,
661de593-d0b1-45f8-bda2-293f5ca9ece3,Craniocap of the Itchy Scalp,117,helmet,magic,common,,
2a4983d8-34be-4c18-8852-0a12608496de,Craniocap of the Slight Headache,299,helmet,ranged,legendary,,
0b8a9f56-3db1-465a-9a65-78e56bf82d2e,Crown of Comedic Timing,231,helmet,ranged,epic,,
0838931e-7597-4c3b-9b35-665c2d3ce55b,Crown of Dramatic Entrances,251,helmet,magic,common,,
5a78c1cc-9873-447d-b2ed-3f8165cca339,Crown of Funky Smells,269,helmet,ranged,common,,
0ff21fb9-66a8-4069-bbdb-f38fc79d82f8,Crown of Infinite Itchiness,115,helmet,ranged,epic,,
8ab83ec1-1840-4b16-9f18-239edc20c5bf,Shimmering Scythe,67,weapon,melee,epic,7275.0,15.0
03f2f666-1e4c-4515-a219-36fae630db32,Crown of Mild Discomfort,59,helmet,magic,common,,
c437cf0d-5217-4d8c-9768-78b6c90a8af1,Crown of Mistaken Identity,233,helmet,melee,epic,,
725a8bcd-bbd1-4ee6-bc4d-78d271cc9674,Crown of Squirrel Thoughts,19,helmet,magic,legendary,,
f4dcba57-756c-4a25-96f8-56c1dbf170d7,Crown of Whispering Winds,262,helmet,magic,common,,
d6e3ff41-b338-486f-b3a4-deb8c96ebb70,Crown of the Missing Mind,289,helmet,ranged,common,,
3c912a27-dbe8-40b5-be17-cbbb28ddac8a,Crown of the Party Goblin,165,helmet,magic,epic,,
b34f9ed3-1987-4787-8eaa-e996c0af0e2a,Crown of the Slight Headache,258,helmet,magic,common,,
24f51be0-3680-435b-850e-62e7c89c1fa2,Crown of the Toastmaster,52,helmet,melee,common,,
584a73f3-72dd-45d1-b8fd-d7007a09e710,Domepiece of Brain Fog,28,helmet,melee,legendary,,
3ac5c2cc-58a4-4dfd-8ffe-0248df6665ce,Domepiece of Comedic Timing,229,helmet,ranged,legendary,,
391d9565-41a3-40d7-86a2-42a216ff552a,Thunder Axe,298,weapon,melee,legendary,32756.0,6.0
5429c932-25e0-4443-92ec-cea00373a706,Demonic Axe,269,weapon,melee,common,28290.0,20.0
e62eecfb-db0f-4029-bf59-6bde24216144,Domepiece of Fashion Crimes,15,helmet,ranged,legendary,,
6443be75-66a3-4293-8e6d-eb4ff3295907,Domepiece of Last Tuesday,98,helmet,ranged,legendary,,
64270166-f7d6-4c6f-9b73-950e7219a1e9,Domepiece of No Protection,169,helmet,melee,epic,,
f7e46eb7-44c9-4c0f-b87c-48dec04b2dd4,Domepiece of the Party Goblin,207,helmet,melee,epic,,
84146051-e1c5-4606-a853-43012e025468,Hat of Awkward Stares,83,helmet,melee,legendary,,
c6725e67-c103-4d91-85c2-9a2162acf0f3,Hat of Dramatic Entrances,212,helmet,melee,epic,,
cf8dc012-ab35-4e48-9fbc-70a35702cf63,Hat of Duck Summoning,95,helmet,magic,epic,,
07b53671-1ecb-41c8-a52c-fb1387e6e01f,Hat of Fashion Crimes,5,helmet,magic,epic,,
548ce894-86e0-4aa0-8287-55b7b4fc8a51,Hat of Forgetfulness,165,helmet,magic,legendary,,
c37824c3-7d1d-4e5c-abab-33e462fdf2f9,Hat of Forgotten Lore,89,helmet,magic,epic,,
ab0c62bd-ac74-4d83-ae51-65135d7678ba,Thunder the Night Mace,173,weapon,melee,common,18655.0,5.0
e6746f13-3557-4093-96e0-2c03f03f1eef,Hat of Fridge Logic,120,helmet,ranged,epic,,
e6bf779f-4bd5-45b8-8beb-70e19bb09b9f,Hat of Last Tuesday,41,helmet,magic,epic,,
865841cc-cf3c-404e-9b7a-e3a3b1741686,Hat of Loud Breathing,250,helmet,ranged,common,,
de009e50-200a-4120-a328-fc03005f5b2d,Hat of Mistaken Identity,175,helmet,melee,epic,,
44fd2698-e0c7-45ed-9392-b7a0aae341f9,Hat of Overcooked Noodles,79,helmet,melee,epic,,
9adf9cbc-d315-4c17-a49b-2e376582419d,Hat of Sneezing Fits,89,helmet,melee,legendary,,
1f28fc4e-08e7-46c4-a60c-db915ab0fa59,Hat of Sudden Epiphanies,87,helmet,magic,epic,,
08ed31ae-731d-4799-a760-3a772da15e03,Hat of the Itchy Scalp,143,helmet,magic,legendary,,
1e239f04-dd69-48d5-9fb3-003ea798c2e4,Hat of the Party Goblin,255,helmet,magic,legendary,,
9760b89a-d65f-4c83-b175-b65bc2e2bc4b,Headgear of Last Tuesday,235,helmet,magic,common,,
7941f76c-9c03-4785-8e2b-4002bedca673,Flaming Hammer,214,weapon,melee,common,22031.0,7.0
56eb76d1-bc3d-4e26-9d0e-484a29469ece,Headgear of Overthinking,298,helmet,melee,legendary,,
da2a9ac4-8714-4470-886b-7bb9694beedd,Headgear of Poor Decisions,127,helmet,magic,legendary,,
98084b55-f97f-4512-8297-e87e3c8c1d53,Headgear of Sudden Epiphanies,174,helmet,ranged,epic,,
1897cd86-387b-4b76-8463-1ec15c710727,Headgear of the Itchy Scalp,237,helmet,ranged,legendary,,
f00d1a40-90b3-4822-b976-b413730a1764,Headgear of the Left Sock,155,helmet,melee,legendary,,
22747a1e-e274-4a60-812a-66c12b62b11e,Headgear of the Yawning Knight,119,helmet,melee,common,,
f04487be-45f3-46b5-acb4-37dae4fc4adc,Helm of Brain Fog,171,helmet,melee,legendary,,
11580c39-0b35-49b0-9d24-b0401a054f70,Helm of Cracked Wisdom,148,helmet,melee,legendary,,
6ec24783-c26f-4dac-9dd5-bfc67612fc94,Helm of Forgetfulness,36,helmet,magic,epic,,
bc4c0197-f782-45bc-9995-07a83feaf4c0,Helm of Forgotten Lore,130,helmet,magic,common,,
28b36d0e-4b4d-4328-b686-10f3ec100aec,Thunder the Moon Dagger,95,weapon,melee,epic,9909.0,9.0
074e11cc-934e-4e26-9d6f-423dbc20e898,Helm of Fridge Logic,41,helmet,melee,epic,,
d45db8c6-b559-4fe3-980f-b142ca3430f0,Helm of Glorious Hair Loss,269,helmet,magic,epic,,
105e5323-5a82-4b9c-84ad-d6117f705a25,Helm of Loud Breathing,57,helmet,ranged,legendary,,
64a29f42-0462-4bfc-aed6-7bcdcec03216,Helm of Whispering Winds,53,helmet,magic,common,,
7bf6b582-b701-4a2e-8616-5406d3d109a5,Helm of the Itchy Scalp,274,helmet,melee,epic,,
14a60ed4-75cd-4324-8a73-8bf741b467f7,Helmet of Cracked Wisdom,111,helmet,melee,epic,,
939d2b71-0729-471a-aa2b-d6f619479d04,Helmet of Eternal Confusion,158,helmet,ranged,legendary,,
b6afa27f-5b06-4367-92ff-072d3dc315a3,Helmet of Fridge Logic,30,helmet,ranged,legendary,,
94ca3f75-cfa5-430d-b3d6-c00c77fba5cb,Helmet of Funky Smells,8,helmet,magic,common,,
28f9eabf-d82a-4773-832c-0439ad0f9d52,Helmet of Last Tuesday,288,helmet,magic,common,,
3ebc44af-a62f-4548-a79b-85234b794f55,Ancient Claymore of the Inferno,250,weapon,melee,epic,25685.0,18.0
f6da4ebe-9d5e-42eb-8bf9-5cd4b78faeba,Helmet of Mild Discomfort,275,helmet,ranged,legendary,,
aee9dcc4-a516-4509-902f-3e646cc30a7c,Helmet of No Protection,279,helmet,magic,common,,
ef27fece-9a75-48f7-9c8d-a4e550a412e9,Helmet of Squirrel Thoughts,167,helmet,magic,common,,
c1f6b251-f494-4579-a0ba-08cb0834d866,Helmet of the Lost Hairpin,96,helmet,ranged,legendary,,
a39eedcd-075c-4079-99ea-f01721a1707e,Helmet of the Missing Mind,146,helmet,ranged,common,,
5f727131-18c2-4cc1-b888-f82c7e88df4e,Helmet of the Yawning Knight,138,helmet,melee,epic,,
5f28d142-a9a3-4fc4-9a8a-2ceb72ec1696,Hood of Accidental Brilliance,183,helmet,melee,epic,,
5d058841-e6ae-4f27-a119-98e9eb6265bc,Hood of Dramatic Entrances,120,helmet,magic,legendary,,
932da4a8-5dec-4479-9208-1c1f314a77cb,Hood of Glorious Hair Loss,176,helmet,ranged,epic,,
038c821a-b227-4200-a3bc-7ae78295931e,Hood of Mild Discomfort,19,helmet,melee,epic,,
4b561801-a55d-489e-bb98-3949cafcac71,Hammer of the Night,151,weapon,melee,epic,16049.0,4.0
6e130347-3765-4f3f-a4ec-320c2e3e5f2e,Hood of Squirrel Thoughts,292,helmet,melee,epic,,
05737c32-e652-4f14-a78d-50477621d28c,Hood of Unseen Dandruff,258,helmet,melee,epic,,
2189bf28-d361-4b12-bb6d-2ac564bd4e9e,Hood of Whispering Winds,195,helmet,ranged,common,,
bbd095cf-ac84-4de2-89eb-8ff87981d6f3,Hood of the Itchy Scalp,68,helmet,ranged,epic,,
b7308049-9361-4056-983f-7348f74250d5,Hood of the Missing Mind,69,helmet,magic,common,,
de575d16-924d-4010-90af-edab36499903,Hood of the Toastmaster,141,helmet,magic,legendary,,
42f27b9a-68df-419a-9389-6ba5138e0639,Hood of the Yawning Knight,299,helmet,magic,common,,
cd7f7d96-7bb6-4f61-9cd3-3cf7b1aac8b8,Lid of Comedic Timing,140,helmet,ranged,epic,,
3335a1d4-7005-415e-964f-61b9d4d6d6e9,Lid of Forgotten Lore,179,helmet,ranged,legendary,,
dfe9c001-125b-4306-a26f-46d7e59a536d,Lid of Mistaken Identity,147,helmet,ranged,epic,,
8e503efa-fc92-4696-a723-35dcd03fb405,Frost Blade,70,weapon,melee,legendary,7274.0,20.0
ce0bfac9-d234-449a-9bdc-2d2493c1e73d,Lid of the Party Goblin,8,helmet,magic,legendary,,
6b18c13b-e063-4385-951a-eef84bc14220,Mask of Awkward Stares,17,helmet,magic,epic,,
67e62360-2fe9-4a0d-9278-6be72ce628a8,Mask of Cracked Wisdom,128,helmet,magic,common,,
478835e9-ecb5-46a8-ba8c-33f8cdc40a20,Mask of Last Tuesday,132,helmet,ranged,legendary,,
99f84e92-9d95-4437-9434-4c11e94a1a07,Mask of Onion Tears,23,helmet,melee,epic,,
5aeed29b-a1b5-450c-9685-ef910b49e81a,Mask of Poor Decisions,29,helmet,melee,legendary,,
0262d695-1c52-40e4-8374-4df66c44e02f,Mask of the Toastmaster,294,helmet,ranged,legendary,,
1735caec-959a-46c3-99c8-ba35df33d693,Mask of the Yawning Knight,195,helmet,magic,epic,,
4b41548e-c46c-480a-ae34-e13f554e1a19,Noggin Guard of Fashion Crimes,182,helmet,melee,legendary,,
b64b4d94-a6f2-4908-995c-036dc3aedc69,Noggin Guard of Fridge Logic,7,helmet,magic,epic,,
fdb501da-6992-4dbc-8d0e-5f0582b2f119,Hammer of the Abyss,191,weapon,melee,common,20019.0,15.0
1b9f208d-e812-4f77-9b87-518e5821ff7e,Noggin Guard of Infinite Itchiness,39,helmet,magic,common,,
17af5b41-1568-46b3-8811-47f7ae18fcc4,Noggin Guard of No Protection,87,helmet,magic,epic,,
f5a2be30-efdd-4930-ad00-7cceb7f98420,Noggin Guard of Overcooked Noodles,32,helmet,magic,epic,,
da673027-d4ff-4311-a0c7-716159b41f51,Noggin Guard of Whispering Winds,207,helmet,melee,common,,
4b8f9492-71d7-428d-990c-d4e761dc7018,Noggin Guard of the Party Goblin,234,helmet,ranged,common,,
deba9151-fe00-494c-9a2f-f6308eadb033,Skull Dome of Comedic Timing,237,helmet,melee,common,,
4ef90835-b04b-487a-bd49-246393a697c2,Skull Dome of Cracked Wisdom,7,helmet,magic,legendary,,
465d34ac-bcf7-4b5d-baee-8cdad1d2550c,Skull Dome of Forgetfulness,56,helmet,magic,epic,,
73521faf-a03c-45f7-bb33-101de67c0c3b,Skull Dome of Glorious Hair Loss,148,helmet,ranged,epic,,
f91c88e8-a79e-4df0-aff9-2e0a67dc11c1,Skull Dome of Loud Breathing,61,helmet,magic,common,,
4de0aadd-b6ae-493a-865f-e3b9a9970569,Thunder the Inferno Sword,218,weapon,melee,common,22583.0,12.0
9e9de5c9-9817-4be1-bbcf-3a2142a78de3,Skull Dome of Mild Discomfort,83,helmet,ranged,common,,
2fd81101-c821-4846-ab77-a6b6ea7c4cda,Skull Dome of No Protection,61,helmet,melee,legendary,,
8de819f0-b6c8-418e-94c5-1e15671cdfc5,Skull Dome of Overthinking,68,helmet,magic,common,,
1bcde2da-868d-4de4-8b74-443a91d7138a,Skull Dome of Poor Decisions,184,helmet,ranged,legendary,,
a3bc9a3c-0aeb-452f-97a3-a57ea8974e92,Skull Dome of Sudden Epiphanies,180,helmet,ranged,legendary,,
d148c337-8980-4b28-ad7a-fceb291d3805,Skull Dome of Unseen Dandruff,40,helmet,magic,epic,,
646d6c35-5f1e-4683-90c8-1891e1f74a8a,Skull Dome of the Lost Hairpin,101,helmet,magic,epic,,
ed3ac1e4-ef9b-448b-a234-cc0bc2e005f4,Skull Dome of the Yawning Knight,280,helmet,magic,epic,,
f439cd05-69ea-4678-8ab5-a12e757d5cb9,War Hood of Brain Fog,189,helmet,melee,common,,
1d7939bb-e4cb-48d8-97b0-0a7e0d59741b,War Hood of Mild Discomfort,214,helmet,melee,epic,,
c0833787-e827-4714-a0b0-b8ebe4cf16d6,Frost the Phoenix Mace,251,weapon,melee,legendary,25826.0,11.0
628a9c35-d819-4ff6-9c1d-c0523a600a45,War Hood of No Protection,275,helmet,melee,common,,
c5b6c18a-6f18-4786-9728-6d2288ca96cb,War Hood of the Missing Mind,53,helmet,ranged,common,,
271807e3-b3b9-423e-9c5b-b728613165ae,War Hood of the Slight Headache,144,helmet,ranged,legendary,,
907f5bda-d001-471e-ab5a-6193bc03ba8f,Wig of of Brain Fog,54,helmet,melee,common,,
dfa952dc-d9eb-42d9-962c-829429bfc244,Wig of of Mild Discomfort,27,helmet,melee,legendary,,
4ef1c956-d2bc-49d5-b1fc-45e44b729028,Wig of of Overthinking,94,helmet,ranged,legendary,,
e042ae30-2a66-42bf-9e32-980caced43b0,Wig of of Sneezing Fits,77,helmet,melee,common,,
1a34efec-4ec8-4d7a-b044-adfa87260a02,Wig of of the Itchy Scalp,228,helmet,melee,legendary,,
f4cc134c-5192-48a2-9551-317f915e82a3,Wig of of the Missing Mind,261,helmet,melee,legendary,,
c8e022a2-e9cd-4950-aebc-4e2aabfda1a3,Wig of of the Party Goblin,117,helmet,ranged,legendary,,
09845e15-80f3-4077-8619-1b0736350b0a,Shimmering Katana,134,weapon,melee,legendary,13556.0,19.0
023bc4db-2cca-4a5f-9cb7-99513ffa1daf,Dragon's Hammer of the Dragon,56,weapon,melee,common,5919.0,20.0
6ccad874-2fcc-41e7-ad65-7e7037ff2e15,Wig of of the Yawning Knight,270,helmet,ranged,epic,,
b368dfec-2e57-488a-8368-5622a9cac0d4,Ancient Amulet of the Bear,289,necklace,ranged,epic,,
e139c18e-fc90-4276-b8f7-1fe5eee14ca3,Ancient Choker of Fury,170,necklace,ranged,legendary,,
aa399871-de47-41b7-85f5-c9fa3f2b3144,Ancient Gorget of Thunder,45,necklace,melee,epic,,
14474fde-89a9-4f8f-94e5-0856385d8dc0,Ancient Locket of the Undead,34,necklace,melee,legendary,,
903f541a-dbfb-4d8b-a91a-61bb0feb798e,Ancient Medallion of Thunder,233,necklace,magic,common,,
c2e040c4-e5a5-417c-94e7-07b01391d6a6,Ancient Talisman of Madness,128,necklace,ranged,legendary,,
ac8af8fd-c71c-43d8-96ed-7fbd5d01b872,Ancient Talisman of Silence,167,necklace,melee,legendary,,
b47494ff-e149-40df-ad18-4096aab24d4c,Arcane Pendant of Doom,282,necklace,magic,legendary,,
40ac78b7-33e9-447c-9c8e-30733bcb8c31,Blessed Amulet of Agony,94,necklace,ranged,epic,,
fbc7dc8a-15d8-4401-a76d-ff7ac426155d,Radiant Scythe,85,weapon,melee,legendary,8538.0,6.0
5daae70c-8ccd-47e9-811a-22f1971da3fc,Blessed Charm of Nightmares,26,necklace,melee,common,,
3b27cd86-3130-4536-b4f5-751d6d2c3e1e,Blessed Locket of the Leviathan,291,necklace,ranged,epic,,
be769683-9bde-428a-80ea-cfd8186724e3,Blessed Medallion of Glory,178,necklace,melee,epic,,
4dd0e248-4af3-434c-b884-55e24b1a230d,Blessed Medallion of Silence,161,necklace,melee,common,,
62b97f24-33ac-4cd2-884b-86d93c1d4c3d,Blessed Necklace of the Ancients,81,necklace,ranged,epic,,
d8737188-534e-4d59-8987-d23482ad55e8,Bloodstained Charm of Agony,45,necklace,melee,common,,
d482a56f-3669-4ce1-97dd-d3aec021cfb9,Bloodstained Collar of Madness,167,necklace,ranged,legendary,,
e2234299-902c-4bec-9d61-cd6813b0e721,Bloodstained Collar of the Fallen,32,necklace,magic,common,,
9dc694cc-b096-4cc6-8df6-3f298bb0a687,Bloodstained Gorget of Destiny,78,necklace,ranged,epic,,
7900e36d-df34-48ab-8ca1-1390c8e27d32,Bloodstained Gorget of Shadows,17,necklace,melee,common,,
29769b0f-799d-430b-a03c-9527b8a1c59e,Savage Dagger of the Lantern,220,weapon,melee,epic,23273.0,3.0
9a6cd6d4-bf15-4f29-b8a9-4295a92c3db5,Bloodstained Necklace of Shadows,48,necklace,melee,legendary,,
26e5e54e-5ffa-4231-ad16-d15149ff2494,Bloodstained Pendant of Fury,96,necklace,magic,epic,,
8e9ae2a9-eb5c-4c4d-b0e0-fcb5032635fe,Bloodstained Torque of the Warlord,195,necklace,ranged,epic,,
0c0a5363-f9be-4b4e-9f98-8bf631074deb,Bonecarved Chain of Thunder,39,necklace,melee,common,,
6b9f19bb-86eb-4cd8-8362-1ad14f003baf,Bonecarved Gorget of the Undead,83,necklace,magic,epic,,
704de300-4995-43d5-ba4b-f9674f155437,Bonecarved Locket of the Ancients,129,necklace,ranged,legendary,,
5ab7b9cf-9873-4130-86fe-7ab6a3767b3f,Bonecarved Medallion of the Serpent,161,necklace,magic,epic,,
288a7c98-3488-40cf-b2fe-37bfd1f03bd6,Bonecarved Medallion of the Storm,181,necklace,melee,epic,,
64f73fd6-72f8-4fac-9d54-0b0be8e792f1,Bonecarved Pendant of the Raven,177,necklace,melee,common,,
be5172da-0936-4c84-8b17-0e147e983a4d,Bonecarved Talisman of Nightmares,93,necklace,magic,epic,,
cecc39c4-71a1-411e-b2cd-3de544aa90ef,Doomed Scythe of the Ancients,158,weapon,melee,legendary,16179.0,7.0
a4b1fa33-3677-4d3d-8000-8ccf0b86541d,Bonecarved Talisman of the Mage,166,necklace,magic,common,,
8fb00eb4-d35c-4658-9b74-2a5ad06a28c3,Bonecarved Torque of Madness,140,necklace,ranged,common,,
e9d05270-a442-45da-bc82-90a222548753,Cursed Charm of the Warlord,300,necklace,magic,common,,
74756e4a-166e-4142-9144-a4f30c4091a7,Cursed Choker of Madness,97,necklace,magic,legendary,,
422434c9-f695-4f38-822c-42ea5501f4b0,Cursed Choker of the Mage,30,necklace,melee,legendary,,
9e4917ad-8644-425a-916b-fd6d1f93fc60,Cursed Locket of the Serpent,268,necklace,ranged,common,,
b217d8e0-c665-472f-bfb2-f11cd575724c,Cursed Medallion of the Undead,35,necklace,magic,legendary,,
9d291a4c-0a55-45c8-aeb2-136cf6a05594,Cursed Necklace of Twilight,140,necklace,magic,common,,
a3a6dd5a-363f-4c43-9a47-9b9318864d80,Cursed Necklace of the Forgotten,53,necklace,ranged,epic,,
1312f3c1-b6df-4011-a500-472c28c68a01,Cursed Pendant of Glory,233,necklace,ranged,epic,,
8fd6aea2-4c18-4a3b-be5f-b8d213f819fc,Wicked Axe of the Dragon,237,weapon,melee,legendary,25068.0,8.0
8d184746-09fc-429c-ad65-3abd12bb6540,Cursed Torque of Agony,165,necklace,magic,legendary,,
06b77b06-3880-4935-93e9-64b375c70a22,Doomed Charm of Thunder,203,necklace,magic,legendary,,
fc0cf3a3-2d5d-477e-a84d-83ee277b74b8,Doomed Collar of the Serpent,134,necklace,melee,epic,,
64c4aec0-49b5-4994-b993-8822c26a4e96,Doomed Locket of the Phoenix,237,necklace,melee,common,,
a28ab6ee-7c7c-451a-b2a0-b1aabe716fa1,Doomed Necklace of Doom,143,necklace,ranged,epic,,
df4721c4-0ce8-4a70-b971-82a786d346a2,Dragonhide Amulet of Madness,297,necklace,ranged,common,,
ea9ffb2d-a1d3-4413-b293-cf404699a928,Dragonhide Amulet of the Ancients,167,necklace,ranged,legendary,,
75a81fc8-eb7a-4eb5-82a6-c74c1d5d718d,Dragonhide Choker of the Forgotten,75,necklace,melee,epic,,
1f1098d3-544c-4cfa-a0ec-6ca0c249e8a9,Dragonhide Collar of Silence,124,necklace,ranged,common,,
06e385a3-cbf1-4771-ac56-45777e1182f5,Dragonhide Gorget of the Raven,262,necklace,ranged,epic,,
e37163b4-035e-409f-afc5-72bbbbcdc899,Frost the Lantern Katana,127,weapon,melee,common,13582.0,1.0
5db885c0-f631-4deb-8e3a-a3cdf02cf3a2,Dragonhide Pendant of Fury,287,necklace,ranged,epic,,
a1e4c5c3-5a53-40e6-96c6-42974112ca41,Dragonhide Talisman of Shadows,108,necklace,melee,common,,
ef70bb63-24a1-431c-b2e2-931da117ba2c,Emberwoven Choker of Doom,264,necklace,melee,epic,,
60a3b305-c7da-4dfc-a4a3-132665a1c136,Emberwoven Medallion of Fury,124,necklace,magic,epic,,
4d7ad150-89da-495c-96c4-b5ffde9b1c78,Emberwoven Talisman of the Raven,177,necklace,ranged,legendary,,
56be16bb-ae04-4e4b-911d-758eec85dcd3,Forgotten Choker of Glory,158,necklace,melee,epic,,
5502478a-75e6-4d41-83ab-145315cec75c,Forgotten Gorget of Fury,102,necklace,melee,legendary,,
ca188320-5a6b-473f-91a3-9b90684a82aa,Forgotten Locket of Glory,143,necklace,magic,legendary,,
7f77aa5a-8786-4cde-bf12-c9f578c889d5,Forgotten Medallion of Doom,178,necklace,ranged,legendary,,
f5961c16-3b81-4a21-b64c-984ac00aaac3,Forgotten Necklace of Reckoning,285,necklace,melee,common,,
9104d0f3-b638-47f7-a837-ab90b3fb2e40,Halberd of the Abyss,178,weapon,melee,common,17860.0,14.0
7a95d763-0122-4755-8fa3-90c50d067073,Frostbound Chain of Doom,287,necklace,ranged,common,,
3e53e883-4707-4793-98ae-54048da6c718,Frostbound Choker of Thunder,81,necklace,ranged,legendary,,
6d51bd98-a212-4677-bbde-ee623dee00ad,Frostbound Locket of the Ancients,158,necklace,magic,common,,
ea7a5db7-8a18-4402-9562-cf58a751fcda,Frostbound Medallion of Shadows,121,necklace,magic,legendary,,
838cc842-a16d-447d-9685-4ab3c9704503,Frostbound Necklace of the Bear,261,necklace,magic,epic,,
d8aae920-8581-41c3-8de7-7d33c1d8f7b5,Ghostly Collar of Twilight,129,necklace,melee,legendary,,
e5e82c33-861d-4b33-843c-49cc8ae491e9,Ghostly Gorget of Glory,257,necklace,melee,epic,,
42206917-1813-47a8-97b9-f191a41d48f6,Ghostly Locket of Reckoning,217,necklace,magic,epic,,
825ce836-f6bb-4eec-9516-3ce2f3917722,Ghostly Locket of the Moon,56,necklace,melee,common,,
7414d481-0823-4cdc-8095-c2714ae1198b,Ghostly Medallion of Doom,218,necklace,ranged,legendary,,
6c0ca295-a30c-4f66-a983-21b6a03ae43b,Radiant Dagger of the Dragon,148,weapon,melee,epic,14875.0,20.0
a28acfc9-24ff-4ed5-9cd1-e4115bdf4e90,Ghostly Medallion of Madness,133,necklace,ranged,epic,,
f4617352-d792-4831-a9c3-8f017d10e478,Ghostly Necklace of the Serpent,20,necklace,melee,legendary,,
2d36d115-d247-4546-943c-3a279aaef1f9,Gilded Charm of Fury,70,necklace,ranged,epic,,
45d7bdb2-a79b-43b0-99fe-8e9722d94cff,Gilded Choker of Agony,245,necklace,ranged,epic,,
a71e6c8b-f301-430e-abff-4ae6baceb086,Gilded Choker of the Ancients,157,necklace,ranged,common,,
e9d35b0c-8216-4f1b-aa31-62619b852962,Gilded Gorget of the Storm,101,necklace,ranged,epic,,
2b25f6f9-23a7-4518-9e7a-92efc583159f,Gilded Medallion of Doom,34,necklace,magic,common,,
8cea4b55-59a9-4d6b-aa8e-c304c5082378,Gilded Medallion of Twilight,79,necklace,melee,common,,
08c20056-27e6-432f-94b2-0eab4658b345,Gilded Necklace of Thunder,230,necklace,melee,common,,
6d0fad0f-3565-4ec2-97f9-726c388032ef,Gilded Pendant of the Forgotten,207,necklace,ranged,common,,
0cb35fa7-534c-4789-b4b9-c401b5f2f44b,Ancient Blade of the Dragon,190,weapon,melee,epic,19302.0,7.0
dd41512b-20f4-402a-9d3e-a7468a2d6ecb,Gilded Talisman of Agony,244,necklace,ranged,legendary,,
e53525e8-5e8d-406b-91aa-a8120daa253c,Gilded Talisman of the Leviathan,79,necklace,ranged,legendary,,
46476b84-4d9f-46b2-af32-87da6967abdd,Haunted Choker of the Mage,258,necklace,ranged,epic,,
ba80943a-b1a4-416e-b9d3-abfb37d23693,Haunted Collar of Glory,184,necklace,melee,legendary,,
c049e9e8-77bf-4bcd-b47e-08941cc99e2d,Haunted Collar of Shadows,130,necklace,melee,common,,
48b3af36-c3f7-4783-84bf-dbe7d7708843,Haunted Gorget of Twilight,150,necklace,melee,epic,,
8faca77b-25a6-4cd3-9776-304b3e31a99c,Haunted Locket of the Ancients,111,necklace,ranged,legendary,,
dbaecdba-01d2-4327-8132-6c29f9ce52c4,Haunted Medallion of the Raven,132,necklace,melee,legendary,,
28d04735-c772-4014-8d1e-13952b40c52e,Haunted Talisman of Agony,165,necklace,magic,epic,,
0e44b45b-48aa-4c85-9b55-e03f0dca2118,Infernal Chain of the Moon,44,necklace,ranged,legendary,,
e86f863a-2d82-43e4-a3c1-ba8640f35f77,Warhammer of the Phoenix,113,weapon,melee,legendary,11711.0,2.0
22651778-4a23-40a3-8fb4-727981ea8362,Infernal Gorget of Reckoning,16,necklace,magic,epic,,
444c8bab-a598-4fbd-8c45-43ecbbefaa12,Infernal Talisman of Fury,42,necklace,melee,common,,
34108733-3f47-421a-8143-d7506134550a,Ironbound Choker of Glory,89,necklace,melee,common,,
8df69dbe-4f34-45f6-a30b-78875e6c9535,Ironbound Collar of Destiny,194,necklace,melee,legendary,,
b6bfd112-3780-455b-803b-970327251553,Ironbound Medallion of the Ancients,169,necklace,ranged,common,,
ded66952-a458-43e1-9b6e-d4c6c1379656,Ironbound Medallion of the Forgotten,286,necklace,melee,common,,
1d05873e-9d08-4d0f-9e9a-b3cc2b070a0d,Ironbound Medallion of the Raven,259,necklace,ranged,common,,
a31005b3-2412-46af-a666-519538267e7c,Lunar Chain of the Ancients,288,necklace,ranged,common,,
3f3967f0-db2b-4c15-a23a-ffadeba482a9,Lunar Choker of Destiny,77,necklace,ranged,common,,
3968ebed-b104-4357-94aa-7a7d87358948,Lunar Locket of Agony,197,necklace,ranged,common,,
1771c385-ada1-4eff-9f36-9088559d6053,Bloodied Scythe,150,weapon,melee,legendary,15685.0,10.0
72519c58-8942-40cd-ad93-117c9e04bd52,Holy Spear of the Moon,104,weapon,melee,common,10988.0,0.0
c0a5abc7-d98b-4170-9f6c-70139c37b1e7,Lunar Medallion of Doom,14,necklace,melee,legendary,,
891a2a71-0b54-4862-8b9d-13ed20f9eccf,Lunar Necklace of Glory,56,necklace,magic,epic,,
87e55ede-5c5d-4db8-9e6d-5323763a0b48,Lunar Torque of Reckoning,272,necklace,ranged,epic,,
e29323a4-2f4c-4edf-a86b-7f0c09ec2012,Mystic Chain of Doom,265,necklace,melee,common,,
c3ffa36f-907f-4d35-b4c7-3bf790a8e75f,Mystic Choker of Doom,50,necklace,ranged,legendary,,
aacaf289-cf28-47d2-ac73-7ee563c60c8d,Mystic Collar of Silence,106,necklace,ranged,common,,
1086a4b0-b3a8-4b59-b9c4-2af4c0c025cd,Mystic Gorget of the Undead,131,necklace,magic,common,,
fb3571ae-9626-46c9-bf3f-905e9be30419,Mystic Gorget of the Void,170,necklace,magic,epic,,
ebdb01a0-4439-42fe-80cd-4883ae5d29c8,Mystic Necklace of Fury,122,necklace,ranged,legendary,,
25d68765-0e79-4de5-893c-ab1847296bf5,Obsidian Charm of Agony,30,necklace,magic,epic,,
c66c5684-7a51-443a-bfa0-36e7f9b010ee,Enchanted the Storm Dagger,188,weapon,melee,legendary,20654.0,3.0
9e29b6a6-5d09-40a1-a948-0ec4f3b9edb9,Obsidian Medallion of Thunder,140,necklace,magic,common,,
7a69a038-04aa-4724-90e0-0352764ee295,Obsidian Pendant of the Serpent,126,necklace,ranged,epic,,
aa30e6f6-caf1-43a7-9f43-90c069a2e2f5,Obsidian Talisman of Agony,281,necklace,ranged,epic,,
337b84d6-d3c5-4df6-a706-716c8f9b4882,Obsidian Torque of Silence,288,necklace,melee,epic,,
1c29cf7b-d13b-4e35-83d9-4bc75eaad54c,Phantom Charm of Silence,58,necklace,ranged,legendary,,
7c8ffd8a-a67a-4f9f-b4d2-6090fe40aa2b,Phantom Collar of the Fallen,294,necklace,magic,common,,
cbccc915-e8cb-4256-a3c6-ce29056573c4,Phantom Collar of the Storm,17,necklace,ranged,epic,,
5eec5e0a-0690-4b8c-a3f6-053990463775,Phantom Gorget of Madness,59,necklace,melee,legendary,,
86714d49-a944-4292-bae2-be64336dabda,Phantom Talisman of the Bear,209,necklace,magic,epic,,
6c010abb-f2b3-4bf3-9e8d-521922d72572,Phantom Talisman of the Fallen,142,necklace,ranged,epic,,
49e3eec1-0402-451b-8a2a-e9c479555459,Bloodied Warhammer of the Abyss,50,weapon,melee,common,5017.0,5.0
48076e6a-3441-455f-a726-8c10cb709893,Phantom Talisman of the Serpent,265,necklace,ranged,epic,,
77700a65-30cb-4304-a56c-9ed0fecaf953,Phantom Torque of Agony,247,necklace,magic,epic,,
fb6f5c29-1668-4b75-b2c2-08acafcd86f1,Phantom Torque of Reckoning,283,necklace,magic,epic,,
746cacf9-6138-4f66-a610-7822f5bf0254,Radiant Chain of the Storm,105,necklace,melee,epic,,
10d250c0-8775-4095-bb60-afc62e316cd0,Radiant Charm of the Warlord,64,necklace,magic,legendary,,
444f24f8-f5a8-414c-bf88-75976981b70b,Radiant Medallion of Silence,106,necklace,magic,common,,
88e348b3-4075-4257-930b-bc3660c7eece,Radiant Torque of the Leviathan,101,necklace,magic,common,,
8a46435d-5a3d-4fcb-b0b0-d6e856a36558,Radiant Torque of the Serpent,61,necklace,melee,epic,,
a3b3c261-7966-4ee6-aaef-5efc6fa1abc6,Royal Amulet of Twilight,34,necklace,melee,epic,,
5096e06f-8419-4d64-abdf-289328c67a3d,Royal Chain of Silence,226,necklace,magic,epic,,
c7b4a5cb-4bc2-4007-bf65-d9458b2400b6,Shadow Mace of the Dragon,82,weapon,melee,common,8944.0,8.0
2188a3d1-c440-4729-ba50-ef318d47e5d5,Royal Chain of Twilight,62,necklace,ranged,epic,,
87474d24-18bb-43ee-9b35-a7283bd6e74c,Royal Chain of the Phoenix,108,necklace,magic,legendary,,
7128fb26-5b29-4248-ab0f-778e041e2e8f,Royal Choker of Twilight,133,necklace,ranged,common,,
2b5706d0-0afc-4cea-8864-358837139c95,Royal Gorget of the Moon,109,necklace,ranged,epic,,
241b9587-1e12-42aa-a028-7bca3709e376,Royal Necklace of Glory,153,necklace,magic,common,,
1764bff0-8b22-478d-a8be-0ec0be11b20f,Royal Talisman of the Storm,5,necklace,ranged,epic,,
5e250912-2682-4c24-b889-7949ecbbc726,Runed Amulet of the Phoenix,203,necklace,magic,common,,
52b02fac-a917-4b02-800d-b9959a885d1c,Runed Medallion of Destiny,6,necklace,melee,epic,,
46213667-e7cd-4675-bdc9-726c4e79b970,Runed Medallion of the Warlord,231,necklace,ranged,legendary,,
f6a0d1bb-a7cc-4ed0-97e2-32924f9a426b,Runed Necklace of Silence,283,necklace,melee,epic,,
5e63fa7c-419a-468a-856e-30e28f4dd444,Divine Halberd of the Dragon,140,weapon,melee,common,15236.0,10.0
e4fe59f2-b99d-4db9-9601-191a12db3017,Runed Pendant of the Storm,210,necklace,magic,common,,
02be5229-0ea7-4bd3-adfe-3cf76446e694,Runed Torque of Madness,162,necklace,melee,epic,,
0024fe36-154b-4f88-9692-833068fc3c85,Savage Amulet of Reckoning,159,necklace,melee,common,,
44863cc0-34d2-4389-8038-572349bb4470,Savage Medallion of the Leviathan,239,necklace,melee,common,,
40ecd3b2-ae8a-4eea-85ea-5add41a832e9,Savage Necklace of the Leviathan,232,necklace,magic,epic,,
d18a5a51-e3a3-43e7-93a5-73c46264eb6b,Savage Necklace of the Void,251,necklace,ranged,common,,
f54fc7b5-16fe-4146-82d7-0cd91e7155bc,Savage Torque of Destiny,268,necklace,ranged,common,,
fa7cb03a-4ba0-409d-8735-71bc750c6982,Shadow Chain of Doom,197,necklace,melee,common,,
8f440636-1c65-4fc0-a4bb-efd8f9653ea5,Shadow Chain of the Undead,229,necklace,ranged,epic,,
ca7a73c0-664a-4347-bee7-5dc12b077852,Shadow Charm of Destiny,272,necklace,magic,common,,
66da7285-4976-433a-bcb0-d0b082abb2c8,Spear of the Dawn,193,weapon,melee,legendary,20934.0,16.0
548c6b3f-1a6f-4ed0-bf42-645567953720,Shadow Gorget of Madness,267,necklace,magic,epic,,
27111bfb-2292-4c65-a020-e947966b2c20,Shadow Locket of Destiny,287,necklace,melee,legendary,,
03bc70ce-8017-47eb-b3ea-578c68a72557,Shadow Locket of Thunder,212,necklace,melee,epic,,
f6db242f-9eba-4359-97b9-df8c0ce6ffcb,Shadow Necklace of Destiny,32,necklace,magic,legendary,,
7e37fa53-495b-40f0-9ab1-db45ceb452e5,Shadow Necklace of Silence,263,necklace,ranged,legendary,,
24c0bfb8-21e6-4ac6-876e-f3fc4dac92a3,Shadow Torque of Reckoning,67,necklace,magic,legendary,,
a7cd6282-7c4b-47ad-bd6c-3b8a4c2ef6b8,Shadow Torque of the Mage,168,necklace,melee,epic,,
29600a92-1c4b-4653-8e9a-57be3c028920,Soulforged Chain of Destiny,88,necklace,magic,legendary,,
458d65b9-169c-464b-9ac0-b17645d8f24c,Soulforged Gorget of Fury,83,necklace,magic,epic,,
359d0f09-c7f7-4e80-87bc-a34510f041aa,Soulforged Gorget of Madness,288,necklace,ranged,common,,
8f7bbe5f-f842-45d5-9ab3-7af1f24d5a2a,Demonic Flail of the Void,179,weapon,melee,legendary,18329.0,3.0
f0ff61cd-9642-4e4a-859b-3172490bfc97,Soulforged Pendant of Doom,20,necklace,ranged,legendary,,
52a67f6e-6299-4743-9835-17d22810555b,Soulforged Pendant of the Storm,97,necklace,magic,common,,
cd5750bc-d316-4d13-b9f3-bf727322eb47,Soulforged Torque of Shadows,82,necklace,magic,legendary,,
65dd7627-b45f-4ab3-8f64-002c1dc8b836,Stormforged Collar of Agony,100,necklace,melee,legendary,,
4f22cf95-9445-45a7-9d1e-55145676c565,Stormforged Gorget of Reckoning,114,necklace,ranged,legendary,,
0897e0cd-c5e1-4cc2-a3c2-381fde40bffd,Stormforged Locket of the Leviathan,35,necklace,ranged,epic,,
839eb5fd-7b30-4cac-805f-bc5cc1161f95,Stormforged Necklace of the Undead,63,necklace,magic,epic,,
33010873-1a66-49fe-a1ca-6ac9b00ae60b,Titanic Amulet of Fury,85,necklace,melee,legendary,,
e3bb9ec1-fcc9-4569-987b-d41591afb84f,Titanic Choker of Nightmares,93,necklace,melee,epic,,
d55a8f3e-e510-41f1-b28a-852d83de83cc,Titanic Choker of Thunder,93,necklace,magic,common,,
0888a207-0965-4559-b33f-3d238cc307c8,Flaming the Ancients Hammer,144,weapon,melee,epic,15004.0,12.0
4e585180-f753-4435-9b39-dfba6e4f0c59,Titanic Choker of the Ancients,198,necklace,melee,common,,
a84d2110-2c16-4b0c-ba2c-39ede3c9fab8,Titanic Locket of Thunder,273,necklace,melee,common,,
3c42a16b-0336-42f9-9534-a5fb8b69a8e8,Twilight Choker of Fury,114,necklace,melee,epic,,
fcfce686-0e37-4cc9-949f-e792bb16e651,Twilight Choker of the Storm,235,necklace,ranged,common,,
d6b1bcd4-956d-474f-bf33-26930a585b64,Twilight Choker of the Void,229,necklace,ranged,epic,,
f155aa38-dd2b-4584-9552-32913c07a6b2,Twilight Collar of the Mage,100,necklace,melee,epic,,
457151b6-a62c-49f4-9f79-daf4e9a51877,Twilight Gorget of the Bear,286,necklace,melee,epic,,
24f9c77a-2c69-4e83-8bde-8b5cacd7e376,Twilight Pendant of the Forgotten,274,necklace,ranged,common,,
caf5da78-0541-48d2-915f-fd32e4515905,Twilight Pendant of the Leviathan,105,necklace,ranged,legendary,,
d911e5e5-0546-4e40-836d-148afc063674,Twilight Pendant of the Moon,205,necklace,ranged,epic,,
b5418bc2-3926-4b31-8d0c-8daf1f505ba1,Radiant Mace,222,weapon,melee,epic,23838.0,9.0
f58d9067-98f7-449a-9fd2-a634e4bd8fd9,Twilight Talisman of the Fallen,220,necklace,melee,legendary,,
8bfa2b72-bc59-462c-b6ed-018a02f3be52,Twilight Torque of the Bear,77,necklace,melee,legendary,,
80a84ac9-6d87-4171-ad65-cf4efd49223b,Venomous Collar of the Bear,89,necklace,melee,epic,,
053a4680-5628-4f26-96da-3334c0544aba,Venomous Necklace of Destiny,176,necklace,ranged,legendary,,
c48abd18-e1d9-4d02-88e0-fcac55adfa07,Venomous Pendant of Madness,229,necklace,magic,legendary,,
747dc9a2-5f04-4d87-94ad-5bbb11a0ddf0,Venomous Pendant of the Ancients,34,necklace,ranged,common,,
913488dd-b6ee-4c60-828f-edc6d215879d,Vile Chain of Thunder,1,necklace,melee,epic,,
df3c0944-bf93-40d3-8704-97f79d6be78d,Vile Chain of the Serpent,17,necklace,magic,epic,,
2d132c72-9f28-4614-ba87-7e7c43b02856,Vile Charm of the Fallen,218,necklace,melee,legendary,,
f4cd5062-fd1e-49a6-b122-5de337843169,Vile Collar of the Forgotten,174,necklace,magic,common,,
96603051-bdab-4a88-b79f-14f26458ab62,Shimmering the Titan Katana,99,weapon,melee,legendary,10798.0,8.0
1a736ca9-df14-44f2-9726-4c05d8e26f79,Vile Gorget of Reckoning,147,necklace,magic,common,,
04e6f5e4-3a2e-4bb1-8a4c-fa1d75c3fdb6,Vile Necklace of the Raven,194,necklace,melee,common,,
3411eb2d-e5c5-4d04-8b73-a5373b67da26,Vile Pendant of Twilight,19,necklace,magic,epic,,
4feda195-e898-4342-9583-ccf033b1fb4a,Vile Talisman of Reckoning,53,necklace,melee,epic,,
b3048b1b-d93e-4f75-8c39-923b8631b02a,Wicked Chain of Reckoning,63,necklace,melee,legendary,,
8086f99f-7154-4841-b40b-1e20cb7e3095,Wicked Choker of the Forgotten,245,necklace,magic,epic,,
b698faac-3e9a-4932-858a-3144ed75737c,Wicked Gorget of the Phoenix,111,necklace,ranged,common,,
329d471f-a9bc-4efb-a107-89e8396f80fa,Wicked Locket of Madness,173,necklace,magic,common,,
01c150d1-b681-4282-8642-7e946c91dfbb,Wicked Necklace of Nightmares,5,necklace,magic,epic,,
0fe01f9c-ad8b-439a-be05-c6135853ba14,Wicked Necklace of the Serpent,170,necklace,ranged,common,,
c90328a2-d813-4682-96da-9c62ba8fde17,Sword of the Star,164,weapon,melee,legendary,17687.0,1.0
55d6237c-37e5-4a3d-86ad-4619bf5fdc20,Doomed the Dragon Blade,99,weapon,melee,common,10626.0,7.0
2939dcdf-b7d3-4aaf-991b-7cebbe4c0965,Wicked Pendant of Madness,154,necklace,ranged,legendary,,
2d1c436e-59f5-4794-bc5b-ef053847cbca,Ancient Circle of the Storm,239,ring,ranged,legendary,,
9c1ccb00-8c57-4f43-8ba9-3eed7100e5b0,Ancient Halo of Fury,59,ring,melee,legendary,,
2f220cc7-f19e-4df3-82e3-db9d02d42a1d,Ancient Ring of Destiny,210,ring,melee,legendary,,
4f37a924-536e-44c1-ab09-9c8bc5204598,Ancient Ring of Twilight,92,ring,ranged,common,,
00d854be-35f1-4487-89d5-324f33dd7b6d,Ancient Wreath of the Mage,130,ring,melee,common,,
fc445628-1782-4500-910e-31e4fea76700,Arcane Band of Silence,296,ring,ranged,legendary,,
53257ae4-30ef-42dc-99be-e090d9226efb,Arcane Crown of Glory,241,ring,melee,epic,,
509220d0-88c9-4f4d-905e-087f313116ec,Arcane Halo of Silence,40,ring,melee,legendary,,
ddf97dd6-b2cd-4d92-af36-41ea972ae1ef,Arcane Seal of the Bear,254,ring,magic,epic,,
61838f7c-3046-4e64-8b4e-8117ec5a7136,Dagger of the Titan,145,weapon,melee,epic,14503.0,18.0
d6ec3b24-8f95-4ca7-bfac-aff497d765bc,Arcane Seal of the Fallen,45,ring,magic,legendary,,
33f78818-9b31-4414-9fd2-d7c945d1d905,Arcane Signet of Nightmares,72,ring,melee,legendary,,
c50bf636-5ea9-49f4-a05e-72531f1bd48c,Arcane Wreath of Twilight,85,ring,ranged,common,,
f410058c-b0a3-4639-8523-f2347549d958,Blessed Circle of Agony,138,ring,melee,legendary,,
b680b5c0-4d42-4f2e-97ba-b7b0fa3cb3e3,Blessed Hoop of Agony,117,ring,melee,common,,
187690c5-2860-4ffd-bef0-8dff3a8d2e78,Blessed Loop of the Forgotten,253,ring,ranged,legendary,,
7318b5ca-0cc0-4922-901a-926f4da09504,Blessed Signet of the Void,30,ring,magic,common,,
43254dca-8ad4-4f5f-9e59-5bbc1005593b,Bloodstained Circle of the Storm,263,ring,melee,epic,,
646ea3e0-a08e-4651-ac83-2770f8af0411,Bloodstained Crown of Agony,9,ring,ranged,common,,
6d6c6cf2-baed-49e4-8401-2e7da9d29cbd,Bloodstained Crown of the Forgotten,210,ring,magic,legendary,,
39e43c4c-f158-4cca-b706-e3a22b6bc817,Dragon's the Dawn Sword,160,weapon,melee,legendary,16038.0,11.0
5199ea8a-6ad5-420b-8ec7-e5110173fe57,Bloodstained Halo of Glory,53,ring,melee,legendary,,
fbc51e28-5eb2-4ea2-9628-5c7d1ff041c3,Bloodstained Loop of the Moon,144,ring,magic,epic,,
79263fca-46e3-4c0d-9a0f-7c9ed49ac3a0,Bloodstained Orbit of the Fallen,60,ring,ranged,common,,
1a005035-b3a9-41e7-a0ab-448f8e449922,Bloodstained Ring of Destiny,233,ring,ranged,epic,,
cbd616e7-3e6b-4c30-90c4-8b5b57e1aa56,Bloodstained Seal of the Ancients,116,ring,melee,legendary,,
210609d9-691e-4152-bd36-95db846cd7bb,Bloodstained Signet of the Warlord,52,ring,melee,epic,,
902a34cc-e467-4831-8aff-b323850e2936,Bloodstained Twine of Nightmares,105,ring,magic,common,,
026b9966-0f1a-4b2e-8c81-256cb3b8147e,Bonecarved Crown of the Leviathan,286,ring,magic,common,,
63c185d0-bb7c-47bb-88d8-69a5478b8136,Bonecarved Orbit of Nightmares,228,ring,ranged,common,,
c28bd222-6335-4940-85f6-befb4d7cb1a2,Bonecarved Orbit of the Storm,89,ring,magic,legendary,,
4b52f553-1033-44dd-8127-e4b32780bcb9,Wicked Blade,149,weapon,melee,common,16012.0,3.0
3053e172-c712-42af-a21e-98db2c45bb93,Bonecarved Ring of Thunder,285,ring,melee,epic,,
2b062084-10f3-493f-b632-5373cae929c3,Bonecarved Seal of Destiny,202,ring,magic,legendary,,
711b9a3a-113b-48b4-bd85-c07ea093386d,Bonecarved Seal of Doom,61,ring,ranged,legendary,,
44b5236e-02f5-42f6-8c66-6e401378ea85,Cursed Band of Madness,48,ring,ranged,legendary,,
a65f01f8-c94f-4832-a4d9-0603906b7577,Cursed Circle of the Storm,15,ring,ranged,common,,
7478017d-a7c9-4fe9-b8fe-b0a83df25868,Cursed Crown of Glory,218,ring,ranged,epic,,
9cf30d8a-a6c0-4f74-9447-04ec86187ec0,Cursed Hoop of Destiny,200,ring,melee,epic,,
1fa7f772-97a7-46cb-84bc-674ba96511f0,Cursed Hoop of Shadows,283,ring,melee,legendary,,
c8597a4c-f757-4c87-a59e-6cef902c0cbb,Cursed Loop of the Phoenix,116,ring,magic,epic,,
db044332-97c1-49f1-93b8-9d6167a1984e,Cursed Loop of the Raven,60,ring,melee,legendary,,
9bea55b5-cc8d-48ad-aefc-7ea16de1c740,Katana of the Eclipse,255,weapon,melee,epic,27410.0,20.0
6a40315b-d2b4-4181-951b-0093fda36b6a,Cursed Ring of Silence,69,ring,melee,common,,
127fc5cd-63e7-486a-a18f-3f39e6e13bd5,Cursed Ring of Thunder,115,ring,ranged,legendary,,
8b081171-16e7-4e6e-a351-06dc410b5ee7,Cursed Seal of Destiny,52,ring,magic,legendary,,
4f8a37d1-e286-4e93-87ff-dbd364c9b21b,Cursed Seal of the Storm,166,ring,magic,epic,,
d3057b3d-2329-41bd-93dc-92bba7cc1cd3,Cursed Signet of Destiny,30,ring,ranged,common,,
ebe664d9-6aaf-49e3-bb6e-895d7fbcbdc4,Cursed Twine of the Warlord,282,ring,magic,common,,
90d5fdc1-cf39-4f37-8288-22b7d3c89afa,Doomed Band of Shadows,127,ring,ranged,epic,,
435dbf8b-d65d-46c0-910c-9a26ea12d796,Doomed Circle of the Raven,295,ring,ranged,common,,
9692d92d-bce5-4cab-8d7a-491aebd40815,Doomed Crown of the Phoenix,91,ring,ranged,legendary,,
48d4b36c-d695-402d-aaf5-3cfc7ef726bd,Doomed Halo of the Storm,195,ring,melee,epic,,
c2bc5823-0e03-422f-847f-908d97c74d40,Cursed Flail of the Storm,241,weapon,melee,common,25702.0,1.0
855e5302-5020-4869-a0b0-6521abcd8ee3,Doomed Hoop of Destiny,144,ring,ranged,epic,,
259cbd21-4bb2-49d2-9cb0-03b889043870,Doomed Orbit of the Fallen,5,ring,melee,legendary,,
7f861461-f3e8-4cd5-af63-602316e069ee,Doomed Ring of the Serpent,70,ring,magic,epic,,
6ca4e40e-97fe-444f-8c51-94b0cb8ea642,Doomed Signet of the Warlord,142,ring,melee,epic,,
5c930885-c180-45ec-9343-d36826e78479,Dragonhide Circle of Doom,259,ring,magic,legendary,,
5221b5a3-634c-4a6f-8632-42ac3a0d07cd,Dragonhide Crown of the Storm,192,ring,melee,epic,,
1acfe609-daa4-4244-852e-7130d68db1d4,Dragonhide Ring of Nightmares,145,ring,melee,legendary,,
580f1cff-9999-416c-a8ef-bcd5555518e5,Dragonhide Twine of Destiny,99,ring,magic,common,,
964522f2-261e-4e6e-b874-72aa5fcfeb89,Dragonhide Twine of the Ancients,109,ring,ranged,legendary,,
ae3cc25c-386a-4c5b-a5e1-934e3685671d,Dragonhide Wreath of the Undead,237,ring,ranged,legendary,,
053596c8-785b-49bc-8d28-918b95c9583f,Sword of the Ancients,254,weapon,melee,legendary,26556.0,6.0
47a68c9f-2f7b-432d-8cb4-b31c2cdedb07,Emberwoven Circle of Twilight,69,ring,magic,common,,
bc132396-3c56-4b4f-a2bd-c2d07cf1029a,Emberwoven Halo of the Raven,156,ring,ranged,legendary,,
169fa90f-f4fd-4d83-9dd9-ecf2390b567c,Emberwoven Halo of the Serpent,7,ring,magic,legendary,,
5f76bfb5-da9f-42e9-856e-cfbfc312b71d,Emberwoven Hoop of Doom,163,ring,magic,epic,,
f2ddcbcc-24ee-4c4e-b995-26c3d9857313,Emberwoven Loop of Nightmares,164,ring,melee,epic,,
115c1df0-4f63-4fcc-b18c-6d5724978f28,Emberwoven Seal of Thunder,51,ring,ranged,epic,,
0bc00496-5046-4b21-aa50-96c690a88877,Emberwoven Seal of Twilight,78,ring,ranged,epic,,
9b23c4ca-06db-4675-9fae-a59601a38ef7,Emberwoven Signet of Fury,117,ring,ranged,common,,
32b7090f-1656-4ff6-9cc4-1696cf7d7a83,Emberwoven Twine of the Undead,79,ring,melee,epic,,
e8ceddbc-0a63-4034-80ac-738313233546,Forgotten Band of Reckoning,9,ring,magic,common,,
e4f4da67-bf6d-4a77-8637-d7b4753cf3b0,Claymore of the Phoenix,104,weapon,melee,common,11372.0,12.0
c9a032de-e73d-4d00-9a0d-8ddd9401e3ac,Forgotten Crown of the Storm,139,ring,ranged,common,,
5e6a4b21-6096-417b-a021-7618f40bb579,Forgotten Halo of Madness,268,ring,ranged,epic,,
c9c8631c-53be-4471-909c-e992215533b9,Forgotten Seal of Destiny,219,ring,magic,common,,
d0cf4099-96b4-4a1f-8d76-82e5f692e8e1,Forgotten Seal of Shadows,46,ring,magic,common,,
e9d86709-de93-43bc-b0ad-0b4dffbd09b5,Forgotten Signet of Glory,59,ring,melee,common,,
06568d6c-4984-405d-a648-8aa5090af33e,Forgotten Twine of the Mage,132,ring,ranged,epic,,
3d7a2a22-039a-4328-92b7-d04abfb8b535,Frostbound Halo of the Void,297,ring,melee,legendary,,
179195cc-2063-41bd-a218-187fe564932f,Frostbound Hoop of the Warlord,220,ring,magic,common,,
1892b0a6-b3f9-4705-88bb-430189f5c336,Frostbound Orbit of Destiny,154,ring,melee,common,,
d136e907-641f-4dbd-9256-8de8c84b547d,Frostbound Ring of Silence,159,ring,ranged,epic,,
7083d963-e884-4094-abc9-5e36a9800edf,Shadow the Fallen Mace,191,weapon,melee,legendary,20278.0,16.0
6dd41476-63c4-4cdb-8fd6-d16cfff3e9e3,Ghostly Band of Twilight,229,ring,ranged,common,,
f11ff03c-c448-47a7-bc15-f6fe4b1c1b00,Ghostly Band of the Fallen,111,ring,melee,epic,,
67f30cd2-2124-40e8-98a6-bf7b630d76be,Ghostly Hoop of the Serpent,51,ring,magic,epic,,
e48eac9b-b14c-4e14-9954-2bb40323acca,Ghostly Orbit of the Storm,66,ring,melee,common,,
b203a230-d8ef-477a-bdf1-e3c491a95bae,Ghostly Seal of Madness,195,ring,ranged,legendary,,
a4585a9a-92c5-4464-9acc-d137ed7d50c7,Ghostly Twine of Agony,298,ring,magic,common,,
3b11e3b8-fe85-49cf-b959-2aab501510fb,Gilded Band of Shadows,46,ring,ranged,epic,,
b897cb5a-55ad-47ea-96e9-7510e6b40138,Gilded Halo of the Serpent,127,ring,ranged,epic,,
262ed7ff-42f8-4eab-9a21-794acc3f0cd5,Gilded Loop of Silence,286,ring,ranged,common,,
0e354193-d18d-49d2-addb-ec4b9cb61d3e,Gilded Orbit of Shadows,199,ring,magic,legendary,,
3fc3ccce-eef3-49c2-9f6f-cc38a0285df6,Flaming Katana of the Storm,287,weapon,melee,epic,29908.0,1.0
934ad251-3527-419e-aa8f-103cf75a3792,Gilded Seal of Glory,106,ring,magic,common,,
224e951e-a2a3-4695-831f-f663011ea4f6,Gilded Signet of the Raven,52,ring,ranged,legendary,,
6990cbde-8d1d-4552-a448-bff1e7bd64be,Haunted Band of Twilight,222,ring,magic,epic,,
417e4e9d-fe17-4ef5-9ec6-611e42ef8786,Haunted Halo of the Mage,266,ring,melee,legendary,,
48aea542-edb6-4eb1-956c-d014f6b14ba2,Haunted Hoop of Glory,268,ring,magic,legendary,,
a4906fb9-aaf2-44a3-8ac4-840c48daff0e,Haunted Orbit of the Warlord,98,ring,magic,legendary,,
79381698-38db-47e0-b2a7-3e420f77ecc1,Haunted Ring of Nightmares,232,ring,ranged,epic,,
02453928-68ff-45c8-85c2-fb57702e1737,Haunted Twine of Silence,93,ring,magic,legendary,,
3a633d50-f09b-4227-9ed2-09b7c3843084,Haunted Wreath of Thunder,269,ring,magic,common,,
0b7a151c-2d37-4925-a288-93500f79368d,Infernal Band of the Leviathan,59,ring,ranged,legendary,,
